"","inf.cap","access.beta","operating.cost","dist.to.wrk","val.of.access","tr.times","policy","core.hh","inner.hh","outer.hh","beyond.hh","env.area.hh","high.access.hh","cost.burdened.hh","median.hh.price"
"1",0.2535910448879,0.868079745317809,0.933845018567517,0.135029784372309,0.851814659719588,1,"baseline",879398,2382723,576844,1845768,348619,312565,1165224,712
"2",0.180666557763238,0.0196185861653648,0.404448763228487,0.711806599612581,0.147870606883429,1,"baseline",863113,2376610,599544,1863456,352618,302696,1177128,718
"3",0.819352131931111,0.311121898651123,0.893990613096161,0.94193572971574,0.234939029850531,0,"baseline",819621,2375723,625927,1916087,365344,289480,1175157,681
"4",0.2303882153132,0.00803262790781446,0.700396214288892,0.764958923527505,0.407522330810083,0,"baseline",838328,2339845,625070,1914252,360374,295140,1183109,706
"5",0.351505596571369,0.381752790449653,0.757451706958236,0.715764616576023,0.392562582415761,1,"baseline",864688,2388498,597721,1857126,353749,305167,1173445,714
"6",0.743340490213362,0.182697492228821,0.81053955330071,0.56487891858723,0.220075655993307,0,"baseline",822749,2389793,611312,1898434,363440,289926,1174830,701
"7",0.74502532318118,0.78720694839349,0.251633805076359,0.268906062740367,0.0804958958087955,1,"baseline",851449,2423486,576232,1839522,353351,300833,1154671,718
"8",0.620019743031589,0.391619844788453,0.374568540341221,0.999151367743965,0.447051492011175,1,"baseline",854302,2391037,607298,1869484,358621,301405,1176239,719
"9",0.491244874295779,0.0657893108394928,0.219173625290161,0.00796941964305006,0.518491235287394,0,"baseline",823313,2402371,594007,1886174,357579,290020,1168935,713
"10",0.32883438797947,0.566056099698879,0.840084199885372,0.170932648471091,0.660958229623735,0,"baseline",831401,2386723,598964,1891668,356775,293622,1173420,712
"11",0.0474004591845442,0.65321773068374,0.965748647225788,0.820654516799143,0.488520452808356,0,"baseline",837275,2325494,627718,1923371,358931,294548,1185362,708
"12",0.52152006751881,0.413167008537566,0.876540531192441,0.681377766134683,0.982878823065432,0,"baseline",844159,2365333,619035,1899080,362431,300016,1184083,716
"13",0.490300158853177,0.37835370370117,0.196463118393207,0.29554933980573,0.649478740701219,1,"baseline",874144,2402378,577950,1837464,350592,310202,1165858,719
"14",0.525970993318362,0.743637045002542,0.507943196493201,0.446520417002263,0.370831536641112,0,"baseline",823667,2382401,608785,1900315,361380,290707,1171442,706
"15",0.845175701659173,0.432828263339587,0.81362406208925,0.312774401322938,0.542766679633409,0,"baseline",824577,2412204,601358,1886520,362806,292223,1171976,713
"16",0.942286060617073,0.872076480397489,0.300085476138163,0.491566956377123,0.0984949946149718,0,"baseline",813769,2409377,607512,1892514,364255,287384,1167216,691
"17",0.761514006906189,0.44403975378233,0.297427569730673,0.873056900428608,0.746386792527745,1,"baseline",863259,2408120,602871,1853680,357945,306209,1177185,717
"18",0.378152237558505,0.203300665296614,0.781382387496764,0.284199468548875,0.828843204752309,1,"baseline",881784,2393014,579099,1837142,350325,313247,1166040,721
"19",0.0146833212312777,0.265550555258291,0.180120808805805,0.151730977173662,0.917404349791585,0,"baseline",843766,2362848,602516,1894725,354460,298546,1179111,716
"20",0.516893006556435,0.330933463417925,0.175820432700217,0.795458051449852,0.400898484825855,0,"baseline",828874,2358047,623050,1918502,364837,292260,1177999,689
"21",0.621700347830774,0.225071553325746,0.557519886878086,0.154695381519618,0.749719801156316,0,"baseline",829540,2408002,596490,1881637,359602,294095,1168953,708
"22",0.353994463213254,0.238379887037678,0.260957237668801,0.490584166054614,0.376321007711114,1,"baseline",867682,2391026,586709,1846445,352110,306474,1170348,721
"23",0.350134987444384,0.642732696560677,0.450273812341737,0.807976882553427,0.661372449159622,0,"baseline",835095,2345949,625374,1917301,362637,294806,1181060,701
"24",0.574217547838576,0.894888294565957,0.913959741576109,0.431181900812546,0.0379669088535011,1,"baseline",854032,2409318,583997,1845957,352843,301104,1166639,722
"25",0.464115949960425,0.576052591406042,0.548447265118361,0.863293712766375,0.802399085849756,1,"baseline",868457,2388645,605071,1857904,355756,307901,1179912,714
"26",0.270984369464917,0.770001910712337,0.928493666440714,0.377360887944931,0.0662638747605961,1,"baseline",861454,2384123,585270,1852458,351074,302939,1166993,724
"27",0.194855214308016,0.117557596645551,0.754174281557556,0.13618158657942,0.338163597623585,1,"baseline",872727,2377838,575013,1848526,347694,308071,1164966,712
"28",0.30091780299833,0.125425121857785,0.318505234141834,0.828782588947797,0.856734260602389,0,"baseline",847465,2341512,625778,1912197,361282,299572,1186356,705
"29",0.834957628969802,0.470677803740138,0.917412508244626,0.642415420495439,0.187103356841486,1,"baseline",851363,2429521,591644,1844858,356805,300838,1171479,712
"30",0.571591654536082,0.0939046272437554,0.74730753786955,0.543675971989753,0.745735802229959,1,"baseline",874899,2409078,588369,1838695,354347,310821,1170959,717
"31",0.087604003484128,0.185470313088736,0.672154890748905,0.506003701341571,0.758926947171334,0,"baseline",846603,2344948,614942,1904819,357953,299438,1181423,713
"32",0.576226437513949,0.675862200560514,0.292363490638323,0.459489985575667,0.699947236634092,1,"baseline",869056,2409444,584500,1838627,353646,308601,1172805,720
"33",0.0779084828298073,0.979134245492052,0.937297349142842,0.278226792799775,0.655155072540976,0,"baseline",837094,2362913,606127,1902565,355511,295208,1177789,711
"34",0.732865049017128,0.273033218783559,0.0418969739959575,0.342846695490647,0.07569177084486,0,"baseline",816867,2403923,601184,1896119,362231,288031,1168069,703
"35",0.262151213102974,0.575335899611702,0.0155405530477874,0.437284992676927,0.263429799321573,1,"baseline",868537,2383397,586790,1850309,350955,306303,1170901,724
"36",0.654685390213272,0.670012351332232,0.063818394437898,0.700112453321926,0.0993239873074926,0,"baseline",819420,2376588,616720,1910050,364624,288660,1174521,683
"37",0.932830019311281,0.956008521170355,0.664894528293516,0.427530225597788,0.084326976994751,0,"baseline",812612,2413300,605262,1894837,364894,286816,1167075,693
"38",0.319864014130319,0.466657493957551,0.718882154174382,0.187081786161521,0.371014028256061,0,"baseline",824511,2386120,598728,1897762,357202,290553,1173409,710
"39",0.791320541796042,0.948285789218498,0.878145073055057,0.814434888785705,0.328878842318663,1,"baseline",851952,2416186,599916,1852966,358109,300871,1173820,715
"40",0.685754641007166,0.853800039710011,0.171206386574311,0.812274365730351,0.870625541141024,0,"baseline",833991,2372736,623967,1905975,364411,295980,1180279,704
"41",0.661165994961746,0.356894688707776,0.382778464655159,0.618058036455652,0.214626516185235,1,"baseline",856476,2416429,591025,1848138,356262,302302,1169704,715
"42",0.826917901851935,0.178441465414129,0.85300453340169,0.0127712658781093,0.797741425571963,0,"baseline",823119,2430257,589979,1877324,360606,292047,1162135,706
"43",0.933299833453028,0.892543883244041,0.96626981391781,0.237393551604822,0.862312747940188,1,"baseline",865712,2439158,573585,1828004,354859,309040,1157681,705
"44",0.672823368906043,0.658912231271155,0.208723452961538,0.0811442263335921,0.467457675037207,1,"baseline",861655,2417531,571813,1841110,351982,305602,1152231,704
"45",0.225173553421162,0.88744420605083,0.211746146471938,0.247410098677035,0.174635558921611,1,"baseline",865424,2380353,579078,1855323,350087,304788,1162895,726
"46",0.442204800635809,0.634832572551444,0.837720585119212,0.536211976242485,0.960159067278262,0,"baseline",840483,2369133,614513,1897169,361260,298314,1180029,716
"47",0.247353763735853,0.816601710683201,0.013166075443849,0.597661035191035,0.67147236991697,1,"baseline",871927,2382130,593577,1850171,351119,308923,1178191,722
"48",0.23576610392984,0.629939351185923,0.777586981624132,0.129975791451521,0.404755405596225,0,"baseline",825527,2381176,600112,1896852,355768,290529,1174289,714
"49",0.967788476580521,0.166127016190207,0.439257814795245,0.580112090012291,0.753746804070659,0,"baseline",832837,2402704,611138,1887019,365755,295997,1175711,713
"50",0.526745844645891,0.950870335387765,0.969817635863321,0.463804008964216,0.165931055925786,0,"baseline",821630,2380878,610637,1902777,361043,289168,1173225,701
"51",0.605185292276554,0.469448998734122,0.685863492804114,0.981254217362497,0.800826821337454,1,"baseline",862309,2388536,608187,1864724,358118,305676,1177456,720
"52",0.884474343671231,0.967792674043682,0.75937254160014,0.991256348497002,0.0952491956634913,0,"baseline",814247,2377825,627850,1918417,366209,287498,1169890,669
"53",0.934375878761988,0.07916281676176,0.78395600814675,0.959929060597671,0.991459140803665,0,"baseline",840942,2380427,625500,1903059,367661,298987,1178511,696
"54",0.540333571720868,0.0486699632171076,0.326057146122446,0.370084159821039,0.947576467157342,0,"baseline",843868,2385754,604555,1887414,360641,299852,1175931,714
"55",0.485044787080493,0.143465776311001,0.522604091887828,0.899417946841568,0.545729591573589,0,"baseline",835148,2351880,625894,1916908,363175,294889,1182677,700
"56",0.805472639974207,0.279765278110513,0.0974293609294109,0.282710089601809,0.8579911740073,0,"baseline",832937,2411892,599661,1882088,362177,296012,1171946,713
"57",0.910885634089122,0.175551723995944,0.0535863391328603,0.0932323291143402,0.208539017429575,0,"baseline",810918,2434214,592420,1882816,362002,285938,1160841,696
"58",0.546175500469748,0.223195798214991,0.230480832554167,0.201329681998352,0.0798030554661527,0,"baseline",815213,2400268,597944,1895586,359658,286368,1164949,702
"59",0.398395822223276,0.44735673125321,0.148687840871047,0.0846701433949638,0.422187634985195,1,"baseline",867632,2394775,573911,1846687,349990,307391,1162146,712
"60",0.125401582688792,0.0075777107346803,0.511417078131344,0.94805237073754,0.246599053991027,0,"baseline",832339,2325376,630966,1928697,359859,291321,1182087,697
"61",0.622363339714007,0.438902212494751,0.844854126902763,0.747337523185415,0.145942000612151,1,"baseline",850443,2407756,598749,1858823,357024,299432,1171656,709
"62",0.388071430944139,0.862705255069304,0.741259435548214,0.150182696717093,0.111088043490425,1,"baseline",858785,2393915,575998,1849257,350102,302958,1159911,715
"63",0.402361607242841,0.443663071847055,0.698728794954717,0.209085965498351,0.374112633537501,0,"baseline",825463,2389668,599639,1894806,357881,290910,1170082,707
"64",0.446180393558927,0.258566104242112,0.774689291423187,0.887000826109434,0.19605998329306,0,"baseline",825308,2351335,625912,1921304,362531,289887,1178084,687
"65",0.711992817225866,0.943482289616717,0.0229520134988707,0.840150114432909,0.928957865142031,1,"baseline",863949,2406257,601815,1850811,357349,307074,1177216,715
"66",0.206395247831475,0.688814986259211,0.762357756750658,0.7759816684213,0.727067151222145,1,"baseline",871981,2375777,602719,1859983,352947,308195,1179564,714
"67",0.265285551915644,0.777431196956895,0.94178221776709,0.348069003705168,0.604849005533382,1,"baseline",873205,2383700,583599,1843474,350087,309064,1168610,723
"68",0.471915141913574,0.355778782473877,0.0967829183354042,0.511237442945829,0.048212280632928,0,"baseline",823619,2374216,612348,1907064,361451,289233,1176080,702
"69",0.00868974104057997,0.997320717899594,0.310686640372733,0.762727707232814,0.349583401346812,1,"baseline",865137,2362371,602764,1869947,351980,303760,1178387,719
"70",0.156172315011499,0.714838211933617,0.49106526888581,0.641963247221429,0.946712020532927,0,"baseline",845993,2343126,620352,1907565,359059,299112,1183172,716
"71",0.944530615227763,0.0996904097325169,0.462480103688547,0.563529125155183,0.46341534727742,1,"baseline",859801,2439982,584844,1834667,357167,305024,1165656,713
"72",0.785863060113275,0.434892975686584,0.739077325412072,0.275701330137439,0.687846681393916,0,"baseline",828107,2409712,600019,1883829,361924,294053,1171378,710
"73",0.853778849567752,0.6493792485788,0.317354430805892,0.835492121779593,0.110057339573745,1,"baseline",843444,2418195,599934,1860105,359793,297640,1170086,714
"74",0.110745533752488,0.335163979384815,0.499043260382954,0.918508567810524,0.603927697762614,0,"baseline",840215,2324935,629960,1927277,360352,295056,1185167,701
"75",0.712402445129119,0.345018709437456,0.351967571690446,0.195830018765992,0.818007408833364,0,"baseline",830869,2410459,597299,1880678,360386,295541,1171342,708
"76",0.165411322965752,0.803843497222988,0.221089066002751,0.651699652106036,0.64203635997721,1,"baseline",872786,2375429,596757,1857349,351649,308218,1175474,717
"77",0.142821261751931,0.674741220275639,0.920690672383644,0.498623960559955,0.989560648336774,0,"baseline",847132,2350962,615076,1902674,357392,299855,1182861,716
"78",0.306493714106036,0.242833847510628,0.164460690159351,0.927707382489694,0.00549061595206149,0,"baseline",821961,2338881,628714,1928327,361472,287829,1177182,683
"79",0.927037504025502,0.702640931551112,0.95359246217669,0.605139470247319,0.679349394534249,1,"baseline",860146,2435481,588541,1835922,357102,305788,1170909,710
"80",0.658367151308805,0.577349425910506,0.753368586791446,0.346919740109937,0.0557598450127989,1,"baseline",852249,2416324,580223,1842381,353974,300550,1156365,720
"81",0.595244373262627,0.527162226027111,0.452972930828109,0.0451144807473756,0.239070648988942,0,"baseline",813393,2411116,593809,1889911,358476,286334,1165462,706
"82",0.38300981653342,0.973856255912455,0.445338370080339,0.684490710697137,0.113571995319333,1,"baseline",852979,2393381,595672,1860939,354246,300398,1172206,715
"83",0.0458670985938516,0.746502777794842,0.618492889342364,0.966748647604603,0.784172989531653,1,"baseline",870169,2352964,610908,1875875,353143,306679,1183425,715
"84",0.916187481858535,0.327192480468191,0.724960987518774,0.279162259204546,0.813256354796467,0,"baseline",828133,2421129,598652,1879064,363093,294396,1172807,712
"85",0.0646442246988881,0.959195523945848,0.0895320522899274,0.827332028255565,0.62357664325228,1,"baseline",869808,2361481,606494,1869266,352353,306667,1178826,712
"86",0.240240820003441,0.206903658594238,0.652579932026798,0.553485176243354,0.471758645685855,0,"baseline",837825,2354685,615417,1906014,359042,294915,1180975,712
"87",0.214624549880158,0.899773320157779,0.0373989768391475,0.758211599883856,0.6986428248554,0,"baseline",836839,2341362,624783,1916456,360758,295115,1182442,707
"88",0.0917467471908312,0.568137942780275,0.870521913993405,0.504126260796562,0.789584217583761,0,"baseline",844527,2346934,616184,1905028,357782,298066,1180718,716
"89",0.915856568102958,0.535572568369796,0.699676285631256,0.395490157919936,0.494956374779809,1,"baseline",858569,2437609,579776,1833688,355099,305070,1163022,716
"90",0.724569067002507,0.925629186525242,0.054324422713602,0.978843125558225,0.83692446735804,1,"baseline",861587,2399482,609488,1858020,358339,305527,1178311,721
"91",0.256541951513384,0.216560466232011,0.17782665389264,0.76502423289814,0.932573185651097,1,"baseline",881780,2377485,602387,1852887,352792,312248,1180339,712
"92",0.691203707105946,0.742178492074832,0.376890970079228,0.243461747616995,0.680439953953959,1,"baseline",865971,2419027,574412,1835574,352932,308172,1156080,711
"93",0.581623099577148,0.942618024655385,0.589147030620603,0.361297670760425,0.280764826653292,1,"baseline",858811,2409992,581766,1842964,353564,303366,1164906,724
"94",0.701934046472423,0.933608928788919,0.695731380236335,0.940165500588715,0.172762510083383,0,"baseline",817478,2366633,626910,1918957,364132,288234,1174501,674
"95",0.408408464157488,0.092571049814811,0.157487302815774,0.17261537131737,0.933270613580476,1,"baseline",884046,2395588,575624,1837134,350069,315077,1164742,712
"96",0.268546736598713,0.0511664804194588,0.0819757822898682,0.591488464125432,0.448164895922411,0,"baseline",838673,2354501,616896,1909027,360109,295227,1183086,712
"97",0.99410122592235,0.58114145143074,0.577409506844822,0.640637579663424,0.817023991908412,1,"baseline",862552,2437615,589154,1835046,357893,307575,1170252,709
"98",0.55172252237564,0.635431406901916,0.110102320450125,0.657383724311367,0.0165081688361242,0,"baseline",818564,2371363,617184,1911630,362500,287791,1174319,687
"99",0.862172515054233,0.336411972422618,0.293416185354348,0.969457633456215,0.182036033835961,0,"baseline",817930,2376832,626349,1914928,366104,288627,1171013,672
"100",0.35497913970123,0.871885292379186,0.264993487864733,0.309375315319747,0.664346928841202,0,"baseline",833095,2378115,603890,1895451,358123,294717,1172584,709
"101",0.2535910448879,0.868079745317809,0.933845018567517,0.135029784372309,0.851814659719588,1,"TOD",810579,2387051,625607,1917761,367852,289513,1166616,664
"102",0.180666557763238,0.0196185861653648,0.404448763228487,0.711806599612581,0.147870606883429,1,"TOD",860985,2385836,599165,1859767,352698,304624,1174617,708
"103",0.819352131931111,0.311121898651123,0.893990613096161,0.94193572971574,0.234939029850531,0,"TOD",815747,2383786,624787,1919823,369272,290786,1173445,667
"104",0.2303882153132,0.00803262790781446,0.700396214288892,0.764958923527505,0.407522330810083,0,"TOD",834394,2347647,624039,1916289,361573,295886,1179186,699
"105",0.351505596571369,0.381752790449653,0.757451706958236,0.715764616576023,0.392562582415761,1,"TOD",861280,2396981,598474,1853989,353573,306792,1172009,702
"106",0.743340490213362,0.182697492228821,0.81053955330071,0.56487891858723,0.220075655993307,0,"TOD",821036,2398323,610915,1897757,365102,292554,1172020,696
"107",0.74502532318118,0.78720694839349,0.251633805076359,0.268906062740367,0.0804958958087955,1,"TOD",846797,2452647,573502,1836343,353338,301558,1156820,691
"108",0.620019743031589,0.391619844788453,0.374568540341221,0.999151367743965,0.447051492011175,1,"TOD",853110,2397822,609500,1863773,358653,303802,1174307,712
"109",0.491244874295779,0.0657893108394928,0.219173625290161,0.00796941964305006,0.518491235287394,0,"TOD",820518,2416578,591627,1884261,357998,292004,1163548,689
"110",0.32883438797947,0.566056099698879,0.840084199885372,0.170932648471091,0.660958229623735,0,"TOD",830119,2393187,597889,1889207,357010,295801,1170416,697
"111",0.0474004591845442,0.65321773068374,0.965748647225788,0.820654516799143,0.488520452808356,0,"TOD",836128,2332129,627332,1920226,358902,296593,1182651,709
"112",0.52152006751881,0.413167008537566,0.876540531192441,0.681377766134683,0.982878823065432,0,"TOD",840870,2374598,618115,1897652,362655,301559,1180279,713
"113",0.490300158853177,0.37835370370117,0.196463118393207,0.29554933980573,0.649478740701219,1,"TOD",867436,2430612,576894,1836075,351588,310949,1163493,696
"114",0.525970993318362,0.743637045002542,0.507943196493201,0.446520417002263,0.370831536641112,0,"TOD",824431,2390334,609065,1897865,361956,293541,1174341,705
"115",0.845175701659173,0.432828263339587,0.81362406208925,0.312774401322938,0.542766679633409,0,"TOD",822430,2422310,598908,1881710,362977,294353,1169161,701
"116",0.942286060617073,0.872076480397489,0.300085476138163,0.491566956377123,0.0984949946149718,0,"TOD",811513,2418786,606462,1891118,364743,289214,1165373,686
"117",0.761514006906189,0.44403975378233,0.297427569730673,0.873056900428608,0.746386792527745,1,"TOD",861440,2416676,601830,1848134,358417,309360,1177428,714
"118",0.378152237558505,0.203300665296614,0.781382387496764,0.284199468548875,0.828843204752309,1,"TOD",878927,2420824,576738,1834082,349479,315528,1170015,695
"119",0.0146833212312777,0.265550555258291,0.180120808805805,0.151730977173662,0.917404349791585,0,"TOD",843404,2370678,600359,1893647,355194,300964,1176550,712
"120",0.516893006556435,0.330933463417925,0.175820432700217,0.795458051449852,0.400898484825855,0,"TOD",827959,2366665,621259,1911478,363655,294951,1177435,689
"121",0.621700347830774,0.225071553325746,0.557519886878086,0.154695381519618,0.749719801156316,0,"TOD",829074,2415539,594842,1881093,359249,296621,1170279,692
"122",0.353994463213254,0.238379887037678,0.260957237668801,0.490584166054614,0.376321007711114,1,"TOD",865394,2411881,585984,1845282,352156,308166,1169322,702
"123",0.350134987444384,0.642732696560677,0.450273812341737,0.807976882553427,0.661372449159622,0,"TOD",832341,2353228,622832,1917483,363414,296575,1180059,695
"124",0.574217547838576,0.894888294565957,0.913959741576109,0.431181900812546,0.0379669088535011,1,"TOD",850276,2433572,581386,1842130,353328,302500,1163579,693
"125",0.464115949960425,0.576052591406042,0.548447265118361,0.863293712766375,0.802399085849756,1,"TOD",867537,2394221,603408,1853809,354978,310735,1180081,714
"126",0.270984369464917,0.770001910712337,0.928493666440714,0.377360887944931,0.0662638747605961,1,"TOD",858117,2411704,582512,1845210,350145,304912,1168704,706
"127",0.194855214308016,0.117557596645551,0.754174281557556,0.13618158657942,0.338163597623585,1,"TOD",865477,2405095,573823,1843596,347991,308733,1160277,699
"128",0.30091780299833,0.125425121857785,0.318505234141834,0.828782588947797,0.856734260602389,0,"TOD",844099,2347466,624825,1910815,361526,301748,1183591,705
"129",0.834957628969802,0.470677803740138,0.917412508244626,0.642415420495439,0.187103356841486,1,"TOD",848195,2437263,590956,1843229,357484,302427,1166670,703
"130",0.571591654536082,0.0939046272437554,0.74730753786955,0.543675971989753,0.745735802229959,1,"TOD",872583,2421156,586674,1835554,353944,313048,1172145,700
"131",0.087604003484128,0.185470313088736,0.672154890748905,0.506003701341571,0.758926947171334,0,"TOD",847251,2351430,615516,1902292,357648,302014,1182673,708
"132",0.576226437513949,0.675862200560514,0.292363490638323,0.459489985575667,0.699947236634092,1,"TOD",864453,2430096,583047,1834961,352922,309826,1166852,699
"133",0.0779084828298073,0.979134245492052,0.937297349142842,0.278226792799775,0.655155072540976,0,"TOD",834030,2369261,604042,1900118,355618,296672,1176372,707
"134",0.732865049017128,0.273033218783559,0.0418969739959575,0.342846695490647,0.07569177084486,0,"TOD",814857,2412714,601427,1892882,363311,289804,1166241,698
"135",0.262151213102974,0.575335899611702,0.0155405530477874,0.437284992676927,0.263429799321573,1,"TOD",861954,2409995,584331,1846744,350903,307002,1169479,703
"136",0.654685390213272,0.670012351332232,0.063818394437898,0.700112453321926,0.0993239873074926,0,"TOD",816837,2384795,619038,1905467,363050,290672,1175024,682
"137",0.932830019311281,0.956008521170355,0.664894528293516,0.427530225597788,0.084326976994751,0,"TOD",809558,2421589,603221,1893095,364749,288430,1165191,686
"138",0.319864014130319,0.466657493957551,0.718882154174382,0.187081786161521,0.371014028256061,0,"TOD",823400,2392889,599057,1893613,357733,292240,1171366,693
"139",0.791320541796042,0.948285789218498,0.878145073055057,0.814434888785705,0.328878842318663,1,"TOD",848168,2422557,598569,1852089,358389,303155,1172121,714
"140",0.685754641007166,0.853800039710011,0.171206386574311,0.812274365730351,0.870625541141024,0,"TOD",832612,2380408,621547,1904320,364464,298654,1175227,697
"141",0.661165994961746,0.356894688707776,0.382778464655159,0.618058036455652,0.214626516185235,1,"TOD",854050,2425910,589594,1844327,355783,304276,1169473,695
"142",0.826917901851935,0.178441465414129,0.85300453340169,0.0127712658781093,0.797741425571963,0,"TOD",818714,2440225,589180,1873695,361115,293304,1159299,683
"143",0.933299833453028,0.892543883244041,0.96626981391781,0.237393551604822,0.862312747940188,1,"TOD",860987,2468884,570007,1822836,353891,310888,1156567,681
"144",0.672823368906043,0.658912231271155,0.208723452961538,0.0811442263335921,0.467457675037207,1,"TOD",854475,2446456,568965,1834778,351812,306178,1152203,688
"145",0.225173553421162,0.88744420605083,0.211746146471938,0.247410098677035,0.174635558921611,1,"TOD",860304,2407653,577302,1846998,348690,305824,1162348,698
"146",0.442204800635809,0.634832572551444,0.837720585119212,0.536211976242485,0.960159067278262,0,"TOD",839897,2377696,613229,1893112,360596,301197,1178790,710
"147",0.247353763735853,0.816601710683201,0.013166075443849,0.597661035191035,0.67147236991697,1,"TOD",870157,2397048,593033,1849076,351860,310717,1172120,704
"148",0.23576610392984,0.629939351185923,0.777586981624132,0.129975791451521,0.404755405596225,0,"TOD",822342,2391414,598248,1893772,355748,291663,1169947,699
"149",0.967788476580521,0.166127016190207,0.439257814795245,0.580112090012291,0.753746804070659,0,"TOD",830542,2412265,610478,1886868,366289,298852,1177071,710
"150",0.526745844645891,0.950870335387765,0.969817635863321,0.463804008964216,0.165931055925786,0,"TOD",819349,2389681,608676,1901744,361549,291085,1170976,692
"151",0.605185292276554,0.469448998734122,0.685863492804114,0.981254217362497,0.800826821337454,1,"TOD",861657,2398064,608120,1860664,357887,308654,1178352,712
"152",0.884474343671231,0.967792674043682,0.75937254160014,0.991256348497002,0.0952491956634913,0,"TOD",813191,2387301,626492,1916183,366268,290453,1169627,667
"153",0.934375878761988,0.07916281676176,0.78395600814675,0.959929060597671,0.991459140803665,0,"TOD",838659,2390078,623077,1903123,368135,302006,1175783,689
"154",0.540333571720868,0.0486699632171076,0.326057146122446,0.370084159821039,0.947576467157342,0,"TOD",841327,2393854,603434,1885795,361583,301565,1175433,704
"155",0.485044787080493,0.143465776311001,0.522604091887828,0.899417946841568,0.545729591573589,0,"TOD",832124,2361715,625969,1912736,362215,296636,1180777,691
"156",0.805472639974207,0.279765278110513,0.0974293609294109,0.282710089601809,0.8579911740073,0,"TOD",829119,2420200,599125,1877282,362341,297394,1171616,704
"157",0.910885634089122,0.175551723995944,0.0535863391328603,0.0932323291143402,0.208539017429575,0,"TOD",807724,2442746,592400,1881018,362507,287543,1158749,689
"158",0.546175500469748,0.223195798214991,0.230480832554167,0.201329681998352,0.0798030554661527,0,"TOD",815596,2409762,597865,1891745,359264,289263,1167015,692
"159",0.398395822223276,0.44735673125321,0.148687840871047,0.0846701433949638,0.422187634985195,1,"TOD",861148,2422706,571066,1841225,350154,307379,1153644,692
"160",0.125401582688792,0.0075777107346803,0.511417078131344,0.94805237073754,0.246599053991027,0,"TOD",831378,2331962,629471,1929443,360599,294021,1184654,702
"161",0.622363339714007,0.438902212494751,0.844854126902763,0.747337523185415,0.145942000612151,1,"TOD",849075,2416036,597362,1853891,357038,301823,1172238,708
"162",0.388071430944139,0.862705255069304,0.741259435548214,0.150182696717093,0.111088043490425,1,"TOD",853247,2421824,573115,1843852,349957,303892,1159468,696
"163",0.402361607242841,0.443663071847055,0.698728794954717,0.209085965498351,0.374112633537501,0,"TOD",822093,2397633,600102,1892258,358458,292484,1170637,696
"164",0.446180393558927,0.258566104242112,0.774689291423187,0.887000826109434,0.19605998329306,0,"TOD",823025,2357394,624993,1923675,365830,291990,1174453,684
"165",0.711992817225866,0.943482289616717,0.0229520134988707,0.840150114432909,0.928957865142031,1,"TOD",863233,2415442,600766,1848372,358006,310326,1175570,716
"166",0.206395247831475,0.688814986259211,0.762357756750658,0.7759816684213,0.727067151222145,1,"TOD",869760,2380770,603005,1857046,353105,310013,1177400,706
"167",0.265285551915644,0.777431196956895,0.94178221776709,0.348069003705168,0.604849005533382,1,"TOD",869015,2411172,579691,1841228,350056,310766,1169137,705
"168",0.471915141913574,0.355778782473877,0.0967829183354042,0.511237442945829,0.048212280632928,0,"TOD",818050,2382874,610793,1905013,361366,289999,1174043,698
"169",0.00868974104057997,0.997320717899594,0.310686640372733,0.762727707232814,0.349583401346812,1,"TOD",863739,2369603,602796,1866535,351174,306858,1176937,715
"170",0.156172315011499,0.714838211933617,0.49106526888581,0.641963247221429,0.946712020532927,0,"TOD",845265,2348412,619488,1905780,358820,301971,1183987,713
"171",0.944530615227763,0.0996904097325169,0.462480103688547,0.563529125155183,0.46341534727742,1,"TOD",858335,2448738,584928,1835162,357560,307660,1163368,697
"172",0.785863060113275,0.434892975686584,0.739077325412072,0.275701330137439,0.687846681393916,0,"TOD",825917,2419233,599047,1881772,362454,296150,1170101,703
"173",0.853778849567752,0.6493792485788,0.317354430805892,0.835492121779593,0.110057339573745,1,"TOD",841667,2426618,600385,1855559,360055,299605,1170208,710
"174",0.110745533752488,0.335163979384815,0.499043260382954,0.918508567810524,0.603927697762614,0,"TOD",838753,2329753,629546,1924733,360191,297804,1186163,704
"175",0.712402445129119,0.345018709437456,0.351967571690446,0.195830018765992,0.818007408833364,0,"TOD",829588,2420456,595128,1876885,361099,297308,1170348,696
"176",0.165411322965752,0.803843497222988,0.221089066002751,0.651699652106036,0.64203635997721,1,"TOD",870498,2388281,595767,1851576,351503,310862,1173584,707
"177",0.142821261751931,0.674741220275639,0.920690672383644,0.498623960559955,0.989560648336774,0,"TOD",844719,2355887,614065,1898320,357821,302321,1183140,711
"178",0.306493714106036,0.242833847510628,0.164460690159351,0.927707382489694,0.00549061595206149,0,"TOD",821589,2347134,628062,1926119,361235,290287,1179764,685
"179",0.927037504025502,0.702640931551112,0.95359246217669,0.605139470247319,0.679349394534249,1,"TOD",857480,2444970,587648,1832532,357351,308424,1163648,705
"180",0.658367151308805,0.577349425910506,0.753368586791446,0.346919740109937,0.0557598450127989,1,"TOD",848862,2445003,577654,1840095,354430,302005,1157730,694
"181",0.595244373262627,0.527162226027111,0.452972930828109,0.0451144807473756,0.239070648988942,0,"TOD",810194,2424727,591998,1885679,358879,287547,1157618,685
"182",0.38300981653342,0.973856255912455,0.445338370080339,0.684490710697137,0.113571995319333,1,"TOD",851796,2402674,597414,1856316,354177,302390,1172309,703
"183",0.0458670985938516,0.746502777794842,0.618492889342364,0.966748647604603,0.784172989531653,1,"TOD",870059,2358410,612538,1872543,353251,310096,1182291,717
"184",0.916187481858535,0.327192480468191,0.724960987518774,0.279162259204546,0.813256354796467,0,"TOD",826296,2427120,597777,1877971,363815,296904,1168793,706
"185",0.0646442246988881,0.959195523945848,0.0895320522899274,0.827332028255565,0.62357664325228,1,"TOD",868057,2368745,604403,1866834,352763,308898,1178150,711
"186",0.240240820003441,0.206903658594238,0.652579932026798,0.553485176243354,0.471758645685855,0,"TOD",834885,2361511,615248,1904978,359730,296821,1180657,705
"187",0.214624549880158,0.899773320157779,0.0373989768391475,0.758211599883856,0.6986428248554,0,"TOD",836447,2347143,624717,1910315,359421,297439,1181559,704
"188",0.0917467471908312,0.568137942780275,0.870521913993405,0.504126260796562,0.789584217583761,0,"TOD",841376,2352085,614503,1903619,357875,300005,1179923,712
"189",0.915856568102958,0.535572568369796,0.699676285631256,0.395490157919936,0.494956374779809,1,"TOD",857021,2459979,577776,1828652,355926,307665,1159706,691
"190",0.724569067002507,0.925629186525242,0.054324422713602,0.978843125558225,0.83692446735804,1,"TOD",858119,2407714,606594,1856215,358788,307921,1174884,712
"191",0.256541951513384,0.216560466232011,0.17782665389264,0.76502423289814,0.932573185651097,1,"TOD",880157,2384628,599189,1849681,352928,314682,1179520,708
"192",0.691203707105946,0.742178492074832,0.376890970079228,0.243461747616995,0.680439953953959,1,"TOD",861753,2448039,573437,1830249,352428,309473,1158271,688
"193",0.581623099577148,0.942618024655385,0.589147030620603,0.361297670760425,0.280764826653292,1,"TOD",854457,2435703,578375,1838518,352894,304633,1157136,694
"194",0.701934046472423,0.933608928788919,0.695731380236335,0.940165500588715,0.172762510083383,0,"TOD",817070,2376070,624611,1915313,364242,291267,1166669,673
"195",0.408408464157488,0.092571049814811,0.157487302815774,0.17261537131737,0.933270613580476,1,"TOD",879267,2423585,571828,1832558,350002,316394,1165064,690
"196",0.268546736598713,0.0511664804194588,0.0819757822898682,0.591488464125432,0.448164895922411,0,"TOD",836323,2360723,616386,1905826,360605,297320,1181384,705
"197",0.99410122592235,0.58114145143074,0.577409506844822,0.640637579663424,0.817023991908412,1,"TOD",859897,2448251,588975,1831703,357872,310077,1166979,704
"198",0.55172252237564,0.635431406901916,0.110102320450125,0.657383724311367,0.0165081688361242,0,"TOD",816543,2379643,617189,1906344,362846,289803,1172101,681
"199",0.862172515054233,0.336411972422618,0.293416185354348,0.969457633456215,0.182036033835961,0,"TOD",815116,2385985,624121,1914889,366541,290916,1168990,667
"200",0.35497913970123,0.871885292379186,0.264993487864733,0.309375315319747,0.664346928841202,0,"TOD",829004,2386589,604828,1893932,358295,295411,1173133,699
"201",0.2535910448879,0.868079745317809,0.933845018567517,0.135029784372309,0.851814659719588,1,"TOD_21",881485,2392961,572526,1841321,349248,322878,1198260,711
"202",0.180666557763238,0.0196185861653648,0.404448763228487,0.711806599612581,0.147870606883429,1,"TOD_21",862269,2379616,601496,1860829,351480,312001,1226303,710
"203",0.819352131931111,0.311121898651123,0.893990613096161,0.94193572971574,0.234939029850531,0,"TOD_21",817393,2378747,627031,1914974,367134,302722,1220094,678
"204",0.2303882153132,0.00803262790781446,0.700396214288892,0.764958923527505,0.407522330810083,0,"TOD_21",827390,2343352,628022,1924217,356572,305294,1196307,705
"205",0.351505596571369,0.381752790449653,0.757451706958236,0.715764616576023,0.392562582415761,1,"TOD_21",851941,2386549,607105,1867420,351003,309616,1198369,704
"206",0.743340490213362,0.182697492228821,0.81053955330071,0.56487891858723,0.220075655993307,0,"TOD_21",820069,2393408,615577,1895461,363441,301184,1215667,701
"207",0.74502532318118,0.78720694839349,0.251633805076359,0.268906062740367,0.0804958958087955,1,"TOD_21",853097,2434641,576389,1833134,353248,310859,1203026,706
"208",0.620019743031589,0.391619844788453,0.374568540341221,0.999151367743965,0.447051492011175,1,"TOD_21",841636,2391554,616709,1878917,353086,308377,1192762,716
"209",0.491244874295779,0.0657893108394928,0.219173625290161,0.00796941964305006,0.518491235287394,0,"TOD_21",824120,2413655,594166,1879437,358054,300314,1214819,701
"210",0.32883438797947,0.566056099698879,0.840084199885372,0.170932648471091,0.660958229623735,0,"TOD_21",834469,2391177,600243,1885616,357069,304638,1223557,705
"211",0.0474004591845442,0.65321773068374,0.965748647225788,0.820654516799143,0.488520452808356,0,"TOD_21",827159,2328949,630489,1933277,357552,301752,1202082,702
"212",0.52152006751881,0.413167008537566,0.876540531192441,0.681377766134683,0.982878823065432,0,"TOD_21",834201,2369598,623736,1909435,358773,307772,1202749,711
"213",0.490300158853177,0.37835370370117,0.196463118393207,0.29554933980573,0.649478740701219,1,"TOD_21",854199,2413286,591006,1852182,347816,312070,1188711,706
"214",0.525970993318362,0.743637045002542,0.507943196493201,0.446520417002263,0.370831536641112,0,"TOD_21",817434,2384411,615189,1907651,357822,297177,1186991,705
"215",0.845175701659173,0.432828263339587,0.81362406208925,0.312774401322938,0.542766679633409,0,"TOD_21",817712,2415908,608505,1891238,360507,298928,1192986,708
"216",0.942286060617073,0.872076480397489,0.300085476138163,0.491566956377123,0.0984949946149718,0,"TOD_21",809447,2412839,614103,1902173,362232,297264,1193151,689
"217",0.761514006906189,0.44403975378233,0.297427569730673,0.873056900428608,0.746386792527745,1,"TOD_21",848593,2409897,609493,1864341,356613,310294,1190296,715
"218",0.378152237558505,0.203300665296614,0.781382387496764,0.284199468548875,0.828843204752309,1,"TOD_21",859903,2403753,592333,1853225,346339,314128,1187541,705
"219",0.0146833212312777,0.265550555258291,0.180120808805805,0.151730977173662,0.917404349791585,0,"TOD_21",843460,2368734,604325,1891390,354142,308086,1222382,707
"220",0.516893006556435,0.330933463417925,0.175820432700217,0.795458051449852,0.400898484825855,0,"TOD_21",827839,2364127,624706,1910880,363469,303929,1233325,700
"221",0.621700347830774,0.225071553325746,0.557519886878086,0.154695381519618,0.749719801156316,0,"TOD_21",832107,2414224,596105,1878152,360197,304565,1216085,699
"222",0.353994463213254,0.238379887037678,0.260957237668801,0.490584166054614,0.376321007711114,1,"TOD_21",852796,2400061,597086,1859796,348760,309562,1191407,704
"223",0.350134987444384,0.642732696560677,0.450273812341737,0.807976882553427,0.661372449159622,0,"TOD_21",826051,2354019,627381,1924076,358468,305593,1191312,696
"224",0.574217547838576,0.894888294565957,0.913959741576109,0.431181900812546,0.0379669088535011,1,"TOD_21",851203,2420990,587465,1842082,352782,309470,1218120,705
"225",0.464115949960425,0.576052591406042,0.548447265118361,0.863293712766375,0.802399085849756,1,"TOD_21",872309,2394887,606053,1851266,355948,319162,1228741,704
"226",0.270984369464917,0.770001910712337,0.928493666440714,0.377360887944931,0.0662638747605961,1,"TOD_21",841842,2395344,596470,1864764,346897,305130,1187416,709
"227",0.194855214308016,0.117557596645551,0.754174281557556,0.13618158657942,0.338163597623585,1,"TOD_21",873410,2387399,576667,1844177,348040,318417,1207259,713
"228",0.30091780299833,0.125425121857785,0.318505234141834,0.828782588947797,0.856734260602389,0,"TOD_21",845193,2344667,629780,1908964,360971,313733,1236784,705
"229",0.834957628969802,0.470677803740138,0.917412508244626,0.642415420495439,0.187103356841486,1,"TOD_21",848279,2434743,594363,1842227,356629,309019,1209078,701
"230",0.571591654536082,0.0939046272437554,0.74730753786955,0.543675971989753,0.745735802229959,1,"TOD_21",859068,2406305,599333,1853764,350083,313884,1197865,707
"231",0.087604003484128,0.185470313088736,0.672154890748905,0.506003701341571,0.758926947171334,0,"TOD_21",834893,2344359,621849,1908663,352603,306007,1206023,714
"232",0.576226437513949,0.675862200560514,0.292363490638323,0.459489985575667,0.699947236634092,1,"TOD_21",848960,2412815,597598,1855999,349469,310142,1187679,702
"233",0.0779084828298073,0.979134245492052,0.937297349142842,0.278226792799775,0.655155072540976,0,"TOD_21",835025,2366881,608691,1898792,355847,304405,1222541,710
"234",0.732865049017128,0.273033218783559,0.0418969739959575,0.342846695490647,0.07569177084486,0,"TOD_21",816061,2406813,605475,1890759,362265,296814,1222520,706
"235",0.262151213102974,0.575335899611702,0.0155405530477874,0.437284992676927,0.263429799321573,1,"TOD_21",869311,2394678,585967,1844800,351121,315893,1212969,713
"236",0.654685390213272,0.670012351332232,0.063818394437898,0.700112453321926,0.0993239873074926,0,"TOD_21",817716,2380950,620421,1907435,365085,299350,1219843,692
"237",0.932830019311281,0.956008521170355,0.664894528293516,0.427530225597788,0.084326976994751,0,"TOD_21",809005,2415945,612938,1898022,361163,295021,1195932,695
"238",0.319864014130319,0.466657493957551,0.718882154174382,0.187081786161521,0.371014028256061,0,"TOD_21",819265,2381206,608162,1900153,353920,297635,1198106,701
"239",0.791320541796042,0.948285789218498,0.878145073055057,0.814434888785705,0.328878842318663,1,"TOD_21",848480,2421167,602620,1850971,357508,309294,1216963,710
"240",0.685754641007166,0.853800039710011,0.171206386574311,0.812274365730351,0.870625541141024,0,"TOD_21",825386,2379508,626344,1912523,360862,304402,1196208,701
"241",0.661165994961746,0.356894688707776,0.382778464655159,0.618058036455652,0.214626516185235,1,"TOD_21",842628,2419426,599558,1858923,353544,305839,1185368,705
"242",0.826917901851935,0.178441465414129,0.85300453340169,0.0127712658781093,0.797741425571963,0,"TOD_21",825294,2434586,594369,1868831,359580,302577,1214290,694
"243",0.933299833453028,0.892543883244041,0.96626981391781,0.237393551604822,0.862312747940188,1,"TOD_21",849561,2450602,584646,1838446,351270,312203,1178088,705
"244",0.672823368906043,0.658912231271155,0.208723452961538,0.0811442263335921,0.467457675037207,1,"TOD_21",863889,2427945,568326,1837161,352943,316599,1187686,704
"245",0.225173553421162,0.88744420605083,0.211746146471938,0.247410098677035,0.174635558921611,1,"TOD_21",846954,2390816,590067,1865267,345611,307363,1180929,714
"246",0.442204800635809,0.634832572551444,0.837720585119212,0.536211976242485,0.960159067278262,0,"TOD_21",830598,2372073,619205,1908777,357457,306171,1190433,716
"247",0.247353763735853,0.816601710683201,0.013166075443849,0.597661035191035,0.67147236991697,1,"TOD_21",869315,2392033,596325,1849511,351004,317303,1218544,708
"248",0.23576610392984,0.629939351185923,0.777586981624132,0.129975791451521,0.404755405596225,0,"TOD_21",824692,2390656,599576,1896197,356011,299374,1207433,699
"249",0.967788476580521,0.166127016190207,0.439257814795245,0.580112090012291,0.753746804070659,0,"TOD_21",829987,2408279,613408,1887477,366290,306768,1213704,713
"250",0.526745844645891,0.950870335387765,0.969817635863321,0.463804008964216,0.165931055925786,0,"TOD_21",814373,2380790,616726,1908355,357739,296301,1191532,699
"251",0.605185292276554,0.469448998734122,0.685863492804114,0.981254217362497,0.800826821337454,1,"TOD_21",865004,2394415,610991,1856563,357493,318766,1232535,715
"252",0.884474343671231,0.967792674043682,0.75937254160014,0.991256348497002,0.0952491956634913,0,"TOD_21",812633,2383751,628491,1917052,366042,300956,1220444,668
"253",0.934375878761988,0.07916281676176,0.78395600814675,0.959929060597671,0.991459140803665,0,"TOD_21",836376,2387618,626974,1903138,367699,309830,1220183,697
"254",0.540333571720868,0.0486699632171076,0.326057146122446,0.370084159821039,0.947576467157342,0,"TOD_21",843575,2392213,606025,1884418,361387,309132,1215691,705
"255",0.485044787080493,0.143465776311001,0.522604091887828,0.899417946841568,0.545729591573589,0,"TOD_21",830847,2358697,628238,1915342,364605,307207,1217992,695
"256",0.805472639974207,0.279765278110513,0.0974293609294109,0.282710089601809,0.8579911740073,0,"TOD_21",824778,2409226,610394,1882496,356389,302365,1199933,713
"257",0.910885634089122,0.175551723995944,0.0535863391328603,0.0932323291143402,0.208539017429575,0,"TOD_21",809055,2445924,590239,1879710,362744,295038,1197931,691
"258",0.546175500469748,0.223195798214991,0.230480832554167,0.201329681998352,0.0798030554661527,0,"TOD_21",809550,2400178,606846,1901161,356558,293171,1183206,697
"259",0.398395822223276,0.44735673125321,0.148687840871047,0.0846701433949638,0.422187634985195,1,"TOD_21",866863,2404939,574395,1844060,349857,316304,1192663,711
"260",0.125401582688792,0.0075777107346803,0.511417078131344,0.94805237073754,0.246599053991027,0,"TOD_21",832494,2327302,633498,1929250,360166,305854,1230863,698
"261",0.622363339714007,0.438902212494751,0.844854126902763,0.747337523185415,0.145942000612151,1,"TOD_21",837735,2405425,607416,1869510,352608,304274,1182753,711
"262",0.388071430944139,0.862705255069304,0.741259435548214,0.150182696717093,0.111088043490425,1,"TOD_21",840252,2403955,589409,1861474,345911,305481,1181021,712
"263",0.402361607242841,0.443663071847055,0.698728794954717,0.209085965498351,0.374112633537501,0,"TOD_21",824924,2393055,602914,1891532,357773,299909,1211823,700
"264",0.446180393558927,0.258566104242112,0.774689291423187,0.887000826109434,0.19605998329306,0,"TOD_21",825403,2356423,628762,1914197,361974,301878,1232466,696
"265",0.711992817225866,0.943482289616717,0.0229520134988707,0.840150114432909,0.928957865142031,1,"TOD_21",863538,2414625,605169,1845928,357679,318953,1214353,709
"266",0.206395247831475,0.688814986259211,0.762357756750658,0.7759816684213,0.727067151222145,1,"TOD_21",873266,2379442,604604,1855798,353011,318867,1228654,710
"267",0.265285551915644,0.777431196956895,0.94178221776709,0.348069003705168,0.604849005533382,1,"TOD_21",878023,2394783,582965,1837686,349299,320579,1214921,717
"268",0.471915141913574,0.355778782473877,0.0967829183354042,0.511237442945829,0.048212280632928,0,"TOD_21",812526,2376389,617060,1917881,360030,296824,1181134,698
"269",0.00868974104057997,0.997320717899594,0.310686640372733,0.762727707232814,0.349583401346812,1,"TOD_21",848667,2360534,610970,1882607,347823,309236,1190640,712
"270",0.156172315011499,0.714838211933617,0.49106526888581,0.641963247221429,0.946712020532927,0,"TOD_21",846797,2347181,623225,1904968,360115,311388,1232535,714
"271",0.944530615227763,0.0996904097325169,0.462480103688547,0.563529125155183,0.46341534727742,1,"TOD_21",844266,2436708,598441,1851915,354382,308407,1183681,702
"272",0.785863060113275,0.434892975686584,0.739077325412072,0.275701330137439,0.687846681393916,0,"TOD_21",819214,2410086,610959,1890106,357124,299762,1188708,710
"273",0.853778849567752,0.6493792485788,0.317354430805892,0.835492121779593,0.110057339573745,1,"TOD_21",844188,2421234,604146,1852874,357508,307373,1224733,715
"274",0.110745533752488,0.335163979384815,0.499043260382954,0.918508567810524,0.603927697762614,0,"TOD_21",838591,2326009,633636,1924838,360973,309627,1239042,707
"275",0.712402445129119,0.345018709437456,0.351967571690446,0.195830018765992,0.818007408833364,0,"TOD_21",823324,2412019,605052,1885370,357794,301578,1195443,705
"276",0.165411322965752,0.803843497222988,0.221089066002751,0.651699652106036,0.64203635997721,1,"TOD_21",856701,2374762,606468,1866006,347594,311983,1203831,707
"277",0.142821261751931,0.674741220275639,0.920690672383644,0.498623960559955,0.989560648336774,0,"TOD_21",848036,2352855,617011,1896336,356982,312678,1235071,716
"278",0.306493714106036,0.242833847510628,0.164460690159351,0.927707382489694,0.00549061595206149,0,"TOD_21",821075,2344172,632681,1924022,361475,301568,1221220,690
"279",0.927037504025502,0.702640931551112,0.95359246217669,0.605139470247319,0.679349394534249,1,"TOD_21",860519,2439129,591692,1832741,355531,315771,1218658,700
"280",0.658367151308805,0.577349425910506,0.753368586791446,0.346919740109937,0.0557598450127989,1,"TOD_21",837223,2427788,591061,1856730,350149,304103,1173794,704
"281",0.595244373262627,0.527162226027111,0.452972930828109,0.0451144807473756,0.239070648988942,0,"TOD_21",809247,2410238,602473,1893185,354305,294086,1184613,697
"282",0.38300981653342,0.973856255912455,0.445338370080339,0.684490710697137,0.113571995319333,1,"TOD_21",856328,2404686,597444,1853747,354626,312767,1218562,709
"283",0.0458670985938516,0.746502777794842,0.618492889342364,0.966748647604603,0.784172989531653,1,"TOD_21",868639,2356027,614330,1872226,352112,318411,1223975,713
"284",0.916187481858535,0.327192480468191,0.724960987518774,0.279162259204546,0.813256354796467,0,"TOD_21",829087,2423728,601370,1876475,363370,304526,1219430,705
"285",0.0646442246988881,0.959195523945848,0.0895320522899274,0.827332028255565,0.62357664325228,1,"TOD_21",867655,2366720,608506,1864401,351105,317800,1225745,714
"286",0.240240820003441,0.206903658594238,0.652579932026798,0.553485176243354,0.471758645685855,0,"TOD_21",837023,2361054,617664,1904393,360069,306305,1229501,706
"287",0.214624549880158,0.899773320157779,0.0373989768391475,0.758211599883856,0.6986428248554,0,"TOD_21",837928,2344098,626877,1913467,359484,307439,1225247,710
"288",0.0917467471908312,0.568137942780275,0.870521913993405,0.504126260796562,0.789584217583761,0,"TOD_21",834537,2346951,620609,1909770,353741,306452,1207356,712
"289",0.915856568102958,0.535572568369796,0.699676285631256,0.395490157919936,0.494956374779809,1,"TOD_21",859739,2449535,578230,1825972,355730,314607,1201267,708
"290",0.724569067002507,0.925629186525242,0.054324422713602,0.978843125558225,0.83692446735804,1,"TOD_21",844121,2399019,616984,1871784,353969,310140,1191686,722
"291",0.256541951513384,0.216560466232011,0.17782665389264,0.76502423289814,0.932573185651097,1,"TOD_21",879126,2380118,603464,1852245,352184,321532,1221757,711
"292",0.691203707105946,0.742178492074832,0.376890970079228,0.243461747616995,0.680439953953959,1,"TOD_21",849349,2430303,588429,1847644,348921,311038,1182034,707
"293",0.581623099577148,0.942618024655385,0.589147030620603,0.361297670760425,0.280764826653292,1,"TOD_21",857185,2421467,583559,1838507,352357,312298,1206472,714
"294",0.701934046472423,0.933608928788919,0.695731380236335,0.940165500588715,0.172762510083383,0,"TOD_21",814388,2373759,629071,1917321,364999,300769,1209030,676
"295",0.408408464157488,0.092571049814811,0.157487302815774,0.17261537131737,0.933270613580476,1,"TOD_21",867299,2405702,585715,1847392,346786,317865,1182358,706
"296",0.268546736598713,0.0511664804194588,0.0819757822898682,0.591488464125432,0.448164895922411,0,"TOD_21",830658,2353657,623140,1912366,356764,304104,1208432,710
"297",0.99410122592235,0.58114145143074,0.577409506844822,0.640637579663424,0.817023991908412,1,"TOD_21",850011,2435587,599925,1845910,354163,312232,1197717,717
"298",0.55172252237564,0.635431406901916,0.110102320450125,0.657383724311367,0.0165081688361242,0,"TOD_21",816383,2375104,620424,1908717,362670,298296,1219042,690
"299",0.862172515054233,0.336411972422618,0.293416185354348,0.969457633456215,0.182036033835961,0,"TOD_21",811390,2386011,627760,1924887,364854,302634,1189027,678
"300",0.35497913970123,0.871885292379186,0.264993487864733,0.309375315319747,0.664346928841202,0,"TOD_21",824674,2376834,614238,1900990,354257,300577,1189311,708
"301",0.2535910448879,0.868079745317809,0.933845018567517,0.135029784372309,0.851814659719588,1,"gas.price",860521,2384178,595296,1857426,351943,302186,1174625,719
"302",0.180666557763238,0.0196185861653648,0.404448763228487,0.711806599612581,0.147870606883429,1,"gas.price",861914,2356918,614199,1878744,354364,301496,1178923,715
"303",0.819352131931111,0.311121898651123,0.893990613096161,0.94193572971574,0.234939029850531,0,"gas.price",822136,2360791,636228,1938802,368127,290150,1167668,673
"304",0.2303882153132,0.00803262790781446,0.700396214288892,0.764958923527505,0.407522330810083,0,"gas.price",838806,2324453,634748,1930226,361561,294472,1184882,700
"305",0.351505596571369,0.381752790449653,0.757451706958236,0.715764616576023,0.392562582415761,1,"gas.price",864269,2367905,612582,1872843,355027,303701,1180610,719
"306",0.743340490213362,0.182697492228821,0.81053955330071,0.56487891858723,0.220075655993307,0,"gas.price",863998,2369754,613071,1870903,354944,304191,1180834,717
"307",0.74502532318118,0.78720694839349,0.251633805076359,0.268906062740367,0.0804958958087955,1,"gas.price",853710,2423466,585114,1839047,354368,301471,1162950,718
"308",0.620019743031589,0.391619844788453,0.374568540341221,0.999151367743965,0.447051492011175,1,"gas.price",851556,2372122,622540,1890236,359517,299730,1181064,707
"309",0.491244874295779,0.0657893108394928,0.219173625290161,0.00796941964305006,0.518491235287394,0,"gas.price",853864,2423450,584057,1841106,354664,301405,1168234,718
"310",0.32883438797947,0.566056099698879,0.840084199885372,0.170932648471091,0.660958229623735,0,"gas.price",841165,2371410,608214,1894887,358594,298183,1180281,712
"311",0.0474004591845442,0.65321773068374,0.965748647225788,0.820654516799143,0.488520452808356,0,"gas.price",840003,2309185,639596,1937628,359239,294861,1185273,697
"312",0.52152006751881,0.413167008537566,0.876540531192441,0.681377766134683,0.982878823065432,0,"gas.price",850662,2349254,631488,1909707,363666,301995,1187720,696
"313",0.490300158853177,0.37835370370117,0.196463118393207,0.29554933980573,0.649478740701219,1,"gas.price",879954,2402287,588470,1835596,352237,312378,1175350,719
"314",0.525970993318362,0.743637045002542,0.507943196493201,0.446520417002263,0.370831536641112,0,"gas.price",879296,2402354,588287,1836618,352341,311736,1174569,719
"315",0.845175701659173,0.432828263339587,0.81362406208925,0.312774401322938,0.542766679633409,0,"gas.price",832474,2396839,612016,1889484,364070,295632,1177493,711
"316",0.942286060617073,0.872076480397489,0.300085476138163,0.491566956377123,0.0984949946149718,0,"gas.price",818411,2393044,618985,1905015,366768,289127,1173276,681
"317",0.761514006906189,0.44403975378233,0.297427569730673,0.873056900428608,0.746386792527745,1,"gas.price",864586,2389384,615899,1868533,359125,306606,1181860,715
"318",0.378152237558505,0.203300665296614,0.781382387496764,0.284199468548875,0.828843204752309,1,"gas.price",887703,2392950,588293,1834333,350374,314892,1175990,718
"319",0.0146833212312777,0.265550555258291,0.180120808805805,0.151730977173662,0.917404349791585,0,"gas.price",822922,2360240,635063,1933707,366317,291199,1170153,674
"320",0.516893006556435,0.330933463417925,0.175820432700217,0.795458051449852,0.400898484825855,0,"gas.price",832556,2344831,634258,1926518,364099,293430,1176792,689
"321",0.621700347830774,0.225071553325746,0.557519886878086,0.154695381519618,0.749719801156316,0,"gas.price",841980,2392127,604201,1884783,360804,298996,1175559,713
"322",0.353994463213254,0.238379887037678,0.260957237668801,0.490584166054614,0.376321007711114,1,"gas.price",869857,2386139,600546,1854253,352874,306502,1176801,712
"323",0.350134987444384,0.642732696560677,0.450273812341737,0.807976882553427,0.661372449159622,0,"gas.price",868628,2387133,600172,1854214,352892,306081,1177106,714
"324",0.574217547838576,0.894888294565957,0.913959741576109,0.431181900812546,0.0379669088535011,1,"gas.price",853726,2408975,596167,1850626,354527,300517,1173364,715
"325",0.464115949960425,0.576052591406042,0.548447265118361,0.863293712766375,0.802399085849756,1,"gas.price",868771,2367246,619529,1876038,356046,306816,1184886,720
"326",0.270984369464917,0.770001910712337,0.928493666440714,0.377360887944931,0.0662638747605961,1,"gas.price",860843,2357868,612898,1877767,353930,301307,1179019,716
"327",0.194855214308016,0.117557596645551,0.754174281557556,0.13618158657942,0.338163597623585,1,"gas.price",878439,2377841,582708,1843724,349013,310189,1169177,724
"328",0.30091780299833,0.125425121857785,0.318505234141834,0.828782588947797,0.856734260602389,0,"gas.price",850191,2322868,638540,1930789,364607,300160,1187370,700
"329",0.834957628969802,0.470677803740138,0.917412508244626,0.642415420495439,0.187103356841486,1,"gas.price",851172,2410131,605574,1857771,358663,300325,1175351,717
"330",0.571591654536082,0.0939046272437554,0.74730753786955,0.543675971989753,0.745735802229959,1,"gas.price",880095,2394068,602357,1845843,355571,312493,1179321,718
"331",0.087604003484128,0.185470313088736,0.672154890748905,0.506003701341571,0.758926947171334,0,"gas.price",855881,2329170,626840,1911403,358949,302686,1189670,714
"332",0.576226437513949,0.675862200560514,0.292363490638323,0.459489985575667,0.699947236634092,1,"gas.price",873549,2403488,597307,1842660,354072,310027,1178427,711
"333",0.0779084828298073,0.979134245492052,0.937297349142842,0.278226792799775,0.655155072540976,0,"gas.price",845327,2346193,614890,1904976,357048,298811,1182670,716
"334",0.732865049017128,0.273033218783559,0.0418969739959575,0.342846695490647,0.07569177084486,0,"gas.price",821733,2387021,613041,1903623,364838,289524,1175430,698
"335",0.262151213102974,0.575335899611702,0.0155405530477874,0.437284992676927,0.263429799321573,1,"gas.price",869182,2383395,598083,1853871,351911,305974,1175898,716
"336",0.654685390213272,0.670012351332232,0.063818394437898,0.700112453321926,0.0993239873074926,0,"gas.price",821180,2360083,630201,1920395,364209,289216,1174664,672
"337",0.932830019311281,0.956008521170355,0.664894528293516,0.427530225597788,0.084326976994751,0,"gas.price",817755,2395712,616537,1901680,366362,289081,1170529,680
"338",0.319864014130319,0.466657493957551,0.718882154174382,0.187081786161521,0.371014028256061,0,"gas.price",835999,2369040,609253,1900095,358740,295052,1179791,713
"339",0.791320541796042,0.948285789218498,0.878145073055057,0.814434888785705,0.328878842318663,1,"gas.price",846900,2397807,613701,1873722,359794,298679,1176217,717
"340",0.685754641007166,0.853800039710011,0.171206386574311,0.812274365730351,0.870625541141024,0,"gas.price",840439,2354537,634537,1919792,365722,298659,1181172,687
"341",0.661165994961746,0.356894688707776,0.382778464655159,0.618058036455652,0.214626516185235,1,"gas.price",855761,2398871,605836,1859324,357360,301875,1177544,717
"342",0.826917901851935,0.178441465414129,0.85300453340169,0.0127712658781093,0.797741425571963,0,"gas.price",836048,2415939,597488,1875454,361755,298086,1172888,709
"343",0.933299833453028,0.892543883244041,0.96626981391781,0.237393551604822,0.862312747940188,1,"gas.price",870189,2439116,583104,1825825,355675,310675,1167501,714
"344",0.672823368906043,0.658912231271155,0.208723452961538,0.0811442263335921,0.467457675037207,1,"gas.price",868572,2417449,577223,1833932,352272,308438,1158490,718
"345",0.225173553421162,0.88744420605083,0.211746146471938,0.247410098677035,0.174635558921611,1,"gas.price",866275,2380267,589528,1849195,349739,304714,1172632,724
"346",0.442204800635809,0.634832572551444,0.837720585119212,0.536211976242485,0.960159067278262,0,"gas.price",850349,2352040,624947,1902910,361555,302139,1185860,710
"347",0.247353763735853,0.816601710683201,0.013166075443849,0.597661035191035,0.67147236991697,1,"gas.price",876162,2371172,607292,1857903,351892,309146,1181784,711
"348",0.23576610392984,0.629939351185923,0.777586981624132,0.129975791451521,0.404755405596225,0,"gas.price",835145,2368423,606215,1898015,357239,294523,1178251,711
"349",0.967788476580521,0.166127016190207,0.439257814795245,0.580112090012291,0.753746804070659,0,"gas.price",839668,2386769,622849,1896402,367533,299359,1180132,699
"350",0.526745844645891,0.950870335387765,0.969817635863321,0.463804008964216,0.165931055925786,0,"gas.price",825936,2364823,620873,1912366,362924,291331,1178119,690
"351",0.605185292276554,0.469448998734122,0.685863492804114,0.981254217362497,0.800826821337454,1,"gas.price",864020,2371108,622285,1881595,358744,305672,1183333,712
"352",0.884474343671231,0.967792674043682,0.75937254160014,0.991256348497002,0.0952491956634913,0,"gas.price",814198,2364351,636651,1940496,367160,288031,1164381,676
"353",0.934375878761988,0.07916281676176,0.78395600814675,0.959929060597671,0.991459140803665,0,"gas.price",847103,2359939,636410,1922728,366012,301958,1172857,690
"354",0.540333571720868,0.0486699632171076,0.326057146122446,0.370084159821039,0.947576467157342,0,"gas.price",854034,2369630,617322,1890400,362238,303912,1185120,716
"355",0.485044787080493,0.143465776311001,0.522604091887828,0.899417946841568,0.545729591573589,0,"gas.price",835461,2337608,637195,1934614,364208,294470,1176594,684
"356",0.805472639974207,0.279765278110513,0.0974293609294109,0.282710089601809,0.8579911740073,0,"gas.price",844840,2393542,611014,1884976,363869,301179,1180533,722
"357",0.910885634089122,0.175551723995944,0.0535863391328603,0.0932323291143402,0.208539017429575,0,"gas.price",820508,2417846,599151,1886210,363551,290107,1168741,706
"358",0.546175500469748,0.223195798214991,0.230480832554167,0.201329681998352,0.0798030554661527,0,"gas.price",823408,2385347,606928,1898214,361173,289834,1170729,703
"359",0.398395822223276,0.44735673125321,0.148687840871047,0.0846701433949638,0.422187634985195,1,"gas.price",876060,2394788,578783,1839810,350057,310034,1164882,722
"360",0.125401582688792,0.0075777107346803,0.511417078131344,0.94805237073754,0.246599053991027,0,"gas.price",832552,2308169,642053,1948748,361197,291111,1184937,683
"361",0.622363339714007,0.438902212494751,0.844854126902763,0.747337523185415,0.145942000612151,1,"gas.price",849420,2387296,612323,1871503,357630,298564,1174528,716
"362",0.388071430944139,0.862705255069304,0.741259435548214,0.150182696717093,0.111088043490425,1,"gas.price",865272,2393907,581688,1846249,350857,304654,1167243,721
"363",0.402361607242841,0.443663071847055,0.698728794954717,0.209085965498351,0.374112633537501,0,"gas.price",832542,2373346,608742,1900568,360451,293685,1176001,715
"364",0.446180393558927,0.258566104242112,0.774689291423187,0.887000826109434,0.19605998329306,0,"gas.price",829055,2334818,636721,1937419,363032,291062,1178262,678
"365",0.711992817225866,0.943482289616717,0.0229520134988707,0.840150114432909,0.928957865142031,1,"gas.price",868900,2387396,615659,1865308,358446,308419,1183807,721
"366",0.206395247831475,0.688814986259211,0.762357756750658,0.7759816684213,0.727067151222145,1,"gas.price",872387,2355531,616775,1874821,354311,307441,1183512,721
"367",0.265285551915644,0.777431196956895,0.94178221776709,0.348069003705168,0.604849005533382,1,"gas.price",875862,2383652,593405,1847468,351513,309832,1176074,718
"368",0.471915141913574,0.355778782473877,0.0967829183354042,0.511237442945829,0.048212280632928,0,"gas.price",823916,2356436,623463,1915266,362615,289528,1176112,690
"369",0.00868974104057997,0.997320717899594,0.310686640372733,0.762727707232814,0.349583401346812,1,"gas.price",862196,2343851,617715,1884503,352800,302081,1179717,717
"370",0.156172315011499,0.714838211933617,0.49106526888581,0.641963247221429,0.946712020532927,0,"gas.price",853754,2325567,632335,1917141,359836,302137,1191256,708
"371",0.944530615227763,0.0996904097325169,0.462480103688547,0.563529125155183,0.46341534727742,1,"gas.price",863056,2422085,600350,1846216,358898,305740,1178562,716
"372",0.785863060113275,0.434892975686584,0.739077325412072,0.275701330137439,0.687846681393916,0,"gas.price",836984,2392985,609320,1887600,363411,297814,1175964,713
"373",0.853778849567752,0.6493792485788,0.317354430805892,0.835492121779593,0.110057339573745,1,"gas.price",841548,2399943,614925,1874303,360804,296880,1174630,712
"374",0.110745533752488,0.335163979384815,0.499043260382954,0.918508567810524,0.603927697762614,0,"gas.price",842574,2308575,641467,1943467,361596,295542,1187216,689
"375",0.712402445129119,0.345018709437456,0.351967571690446,0.195830018765992,0.818007408833364,0,"gas.price",843532,2393635,606180,1884118,362505,300464,1177037,718
"376",0.165411322965752,0.803843497222988,0.221089066002751,0.651699652106036,0.64203635997721,1,"gas.price",874212,2359956,610322,1868198,352629,308235,1181371,715
"377",0.142821261751931,0.674741220275639,0.920690672383644,0.498623960559955,0.989560648336774,0,"gas.price",856222,2333756,626872,1907157,358889,303327,1189142,715
"378",0.306493714106036,0.242833847510628,0.164460690159351,0.927707382489694,0.00549061595206149,0,"gas.price",822783,2323170,638730,1946327,361944,287871,1174697,679
"379",0.927037504025502,0.702640931551112,0.95359246217669,0.605139470247319,0.679349394534249,1,"gas.price",862674,2417289,603546,1847102,358731,306529,1175397,720
"380",0.658367151308805,0.577349425910506,0.753368586791446,0.346919740109937,0.0557598450127989,1,"gas.price",854040,2416246,590063,1845994,354414,300962,1170237,717
"381",0.595244373262627,0.527162226027111,0.452972930828109,0.0451144807473756,0.239070648988942,0,"gas.price",822412,2402038,598104,1892136,360074,290196,1169965,707
"382",0.38300981653342,0.973856255912455,0.445338370080339,0.684490710697137,0.113571995319333,1,"gas.price",853001,2375837,610407,1873011,355588,299394,1174947,717
"383",0.0458670985938516,0.746502777794842,0.618492889342364,0.966748647604603,0.784172989531653,1,"gas.price",869546,2331755,626330,1896018,353673,305204,1185652,718
"384",0.916187481858535,0.327192480468191,0.724960987518774,0.279162259204546,0.813256354796467,0,"gas.price",838533,2403288,610144,1884570,364913,299223,1176416,714
"385",0.0646442246988881,0.959195523945848,0.0895320522899274,0.827332028255565,0.62357664325228,1,"gas.price",868018,2342644,619415,1885318,353576,304891,1182747,718
"386",0.240240820003441,0.206903658594238,0.652579932026798,0.553485176243354,0.471758645685855,0,"gas.price",844121,2336903,627303,1917212,360396,298014,1186459,705
"387",0.214624549880158,0.899773320157779,0.0373989768391475,0.758211599883856,0.6986428248554,0,"gas.price",844389,2324022,636333,1927834,362125,297637,1187177,701
"388",0.0917467471908312,0.568137942780275,0.870521913993405,0.504126260796562,0.789584217583761,0,"gas.price",851695,2329766,626627,1913381,359251,300891,1187186,714
"389",0.915856568102958,0.535572568369796,0.699676285631256,0.395490157919936,0.494956374779809,1,"gas.price",863586,2432827,590344,1836961,356847,306821,1168201,709
"390",0.724569067002507,0.925629186525242,0.054324422713602,0.978843125558225,0.83692446735804,1,"gas.price",860888,2378718,621896,1879235,359526,305021,1181189,714
"391",0.256541951513384,0.216560466232011,0.17782665389264,0.76502423289814,0.932573185651097,1,"gas.price",886047,2355168,615835,1866491,354735,313277,1185778,722
"392",0.691203707105946,0.742178492074832,0.376890970079228,0.243461747616995,0.680439953953959,1,"gas.price",872603,2419053,583955,1831785,353317,310313,1171610,716
"393",0.581623099577148,0.942618024655385,0.589147030620603,0.361297670760425,0.280764826653292,1,"gas.price",861844,2409906,590840,1843613,353371,304759,1172410,716
"394",0.701934046472423,0.933608928788919,0.695731380236335,0.940165500588715,0.172762510083383,0,"gas.price",820046,2352534,638078,1936011,365382,289646,1169183,678
"395",0.408408464157488,0.092571049814811,0.157487302815774,0.17261537131737,0.933270613580476,1,"gas.price",896919,2395453,583326,1828955,350109,319447,1173842,716
"396",0.268546736598713,0.0511664804194588,0.0819757822898682,0.591488464125432,0.448164895922411,0,"gas.price",842319,2335781,630214,1918608,361353,296569,1188334,702
"397",0.99410122592235,0.58114145143074,0.577409506844822,0.640637579663424,0.817023991908412,1,"gas.price",867235,2420241,604631,1843455,359375,308729,1179338,719
"398",0.55172252237564,0.635431406901916,0.110102320450125,0.657383724311367,0.0165081688361242,0,"gas.price",823349,2355074,628267,1920674,363004,289757,1176740,682
"399",0.862172515054233,0.336411972422618,0.293416185354348,0.969457633456215,0.182036033835961,0,"gas.price",819836,2361814,635782,1935943,366658,290166,1167809,679
"400",0.35497913970123,0.871885292379186,0.264993487864733,0.309375315319747,0.664346928841202,0,"gas.price",841769,2362131,615423,1899511,359804,298311,1182065,713
"401",0.2535910448879,0.868079745317809,0.933845018567517,0.135029784372309,0.851814659719588,1,"gas.price_21",878452,2370147,593109,1851606,351240,318896,1210064,726
"402",0.180666557763238,0.0196185861653648,0.404448763228487,0.711806599612581,0.147870606883429,1,"gas.price_21",861689,2371816,610964,1867088,353195,310945,1230817,712
"403",0.819352131931111,0.311121898651123,0.893990613096161,0.94193572971574,0.234939029850531,0,"gas.price_21",817571,2369517,633482,1926751,366717,302412,1220610,676
"404",0.2303882153132,0.00803262790781446,0.700396214288892,0.764958923527505,0.407522330810083,0,"gas.price_21",828310,2338769,630943,1930845,357402,304546,1203841,698
"405",0.351505596571369,0.381752790449653,0.757451706958236,0.715764616576023,0.392562582415761,1,"gas.price_21",850536,2378696,612310,1875714,351505,307925,1201421,716
"406",0.743340490213362,0.182697492228821,0.81053955330071,0.56487891858723,0.220075655993307,0,"gas.price_21",817709,2386177,621354,1909742,361422,299108,1191325,694
"407",0.74502532318118,0.78720694839349,0.251633805076359,0.268906062740367,0.0804958958087955,1,"gas.price_21",841278,2423449,589793,1852281,351468,305254,1174186,717
"408",0.620019743031589,0.391619844788453,0.374568540341221,0.999151367743965,0.447051492011175,1,"gas.price_21",853723,2382931,618835,1878917,358719,311173,1228049,716
"409",0.491244874295779,0.0657893108394928,0.219173625290161,0.00796941964305006,0.518491235287394,0,"gas.price_21",819616,2397952,605942,1891686,353774,298134,1190718,709
"410",0.32883438797947,0.566056099698879,0.840084199885372,0.170932648471091,0.660958229623735,0,"gas.price_21",837070,2380928,606349,1892103,357014,305013,1217401,710
"411",0.0474004591845442,0.65321773068374,0.965748647225788,0.820654516799143,0.488520452808356,0,"gas.price_21",827909,2324037,634127,1939751,357937,300964,1196820,699
"412",0.52152006751881,0.413167008537566,0.876540531192441,0.681377766134683,0.982878823065432,0,"gas.price_21",837904,2362523,627164,1908440,356773,308273,1208504,712
"413",0.490300158853177,0.37835370370117,0.196463118393207,0.29554933980573,0.649478740701219,1,"gas.price_21",882719,2402217,583932,1832469,351782,322011,1215240,719
"414",0.525970993318362,0.743637045002542,0.507943196493201,0.446520417002263,0.370831536641112,0,"gas.price_21",828661,2378434,616182,1901840,362849,303336,1219867,712
"415",0.845175701659173,0.432828263339587,0.81362406208925,0.312774401322938,0.542766679633409,0,"gas.price_21",828000,2407368,608907,1886407,363175,304519,1216348,716
"416",0.942286060617073,0.872076480397489,0.300085476138163,0.491566956377123,0.0984949946149718,0,"gas.price_21",815373,2403163,616624,1899534,366116,299115,1225513,690
"417",0.761514006906189,0.44403975378233,0.297427569730673,0.873056900428608,0.746386792527745,1,"gas.price_21",864822,2400689,612724,1859233,359797,317740,1227502,721
"418",0.378152237558505,0.203300665296614,0.781382387496764,0.284199468548875,0.828843204752309,1,"gas.price_21",863758,2392949,596336,1852757,346103,315192,1202016,720
"419",0.0146833212312777,0.265550555258291,0.180120808805805,0.151730977173662,0.917404349791585,0,"gas.price_21",841005,2354056,612672,1905153,352218,305603,1197729,713
"420",0.516893006556435,0.330933463417925,0.175820432700217,0.795458051449852,0.400898484825855,0,"gas.price_21",829005,2352832,633599,1921471,365033,302549,1218840,687
"421",0.621700347830774,0.225071553325746,0.557519886878086,0.154695381519618,0.749719801156316,0,"gas.price_21",837999,2404520,602291,1879790,360560,305927,1216728,711
"422",0.353994463213254,0.238379887037678,0.260957237668801,0.490584166054614,0.376321007711114,1,"gas.price_21",850775,2387492,604493,1866792,348659,308198,1192021,712
"423",0.350134987444384,0.642732696560677,0.450273812341737,0.807976882553427,0.661372449159622,0,"gas.price_21",829212,2345539,631164,1930262,359562,305777,1197905,696
"424",0.574217547838576,0.894888294565957,0.913959741576109,0.431181900812546,0.0379669088535011,1,"gas.price_21",839679,2409236,599078,1864507,350894,304231,1182528,718
"425",0.464115949960425,0.576052591406042,0.548447265118361,0.863293712766375,0.802399085849756,1,"gas.price_21",866351,2378954,614847,1866938,355760,314951,1223323,719
"426",0.270984369464917,0.770001910712337,0.928493666440714,0.377360887944931,0.0662638747605961,1,"gas.price_21",861145,2384018,593558,1851064,349971,311435,1222088,725
"427",0.194855214308016,0.117557596645551,0.754174281557556,0.13618158657942,0.338163597623585,1,"gas.price_21",880455,2377797,581834,1843425,348881,319873,1211238,721
"428",0.30091780299833,0.125425121857785,0.318505234141834,0.828782588947797,0.856734260602389,0,"gas.price_21",847923,2333683,635343,1917375,360998,313450,1242657,701
"429",0.834957628969802,0.470677803740138,0.917412508244626,0.642415420495439,0.187103356841486,1,"gas.price_21",851214,2425126,600008,1849621,359106,308870,1217739,711
"430",0.571591654536082,0.0939046272437554,0.74730753786955,0.543675971989753,0.745735802229959,1,"gas.price_21",883350,2408944,595189,1837094,355712,321916,1213264,714
"431",0.087604003484128,0.185470313088736,0.672154890748905,0.506003701341571,0.758926947171334,0,"gas.price_21",840350,2338875,623396,1916341,356291,307112,1206265,712
"432",0.576226437513949,0.675862200560514,0.292363490638323,0.459489985575667,0.699947236634092,1,"gas.price_21",855883,2408509,600598,1854348,351081,311722,1192274,715
"433",0.0779084828298073,0.979134245492052,0.937297349142842,0.278226792799775,0.655155072540976,0,"gas.price_21",839472,2359010,612769,1901533,356416,304925,1219002,711
"434",0.732865049017128,0.273033218783559,0.0418969739959575,0.342846695490647,0.07569177084486,0,"gas.price_21",819924,2395691,611679,1894830,363083,297811,1224329,703
"435",0.262151213102974,0.575335899611702,0.0155405530477874,0.437284992676927,0.263429799321573,1,"gas.price_21",853607,2383262,601099,1865264,348929,308793,1200186,722
"436",0.654685390213272,0.670012351332232,0.063818394437898,0.700112453321926,0.0993239873074926,0,"gas.price_21",817340,2372632,626551,1915953,358764,299043,1199679,689
"437",0.932830019311281,0.956008521170355,0.664894528293516,0.427530225597788,0.084326976994751,0,"gas.price_21",812172,2406770,616514,1905185,361886,295721,1190315,692
"438",0.319864014130319,0.466657493957551,0.718882154174382,0.187081786161521,0.371014028256061,0,"gas.price_21",823132,2374278,611345,1901504,354322,298686,1200197,712
"439",0.791320541796042,0.948285789218498,0.878145073055057,0.814434888785705,0.328878842318663,1,"gas.price_21",837109,2406915,614209,1873455,355677,304084,1192536,721
"440",0.685754641007166,0.853800039710011,0.171206386574311,0.812274365730351,0.870625541141024,0,"gas.price_21",828046,2371020,630527,1919029,360440,304677,1197570,698
"441",0.661165994961746,0.356894688707776,0.382778464655159,0.618058036455652,0.214626516185235,1,"gas.price_21",842848,2410073,607091,1866810,354628,305552,1187884,713
"442",0.826917901851935,0.178441465414129,0.85300453340169,0.0127712658781093,0.797741425571963,0,"gas.price_21",825409,2421230,601817,1878819,357026,302352,1197997,709
"443",0.933299833453028,0.892543883244041,0.96626981391781,0.237393551604822,0.862312747940188,1,"gas.price_21",868770,2438930,581538,1823559,353291,319579,1214040,718
"444",0.672823368906043,0.658912231271155,0.208723452961538,0.0811442263335921,0.467457675037207,1,"gas.price_21",867472,2417520,578645,1831921,350242,316615,1208783,712
"445",0.225173553421162,0.88744420605083,0.211746146471938,0.247410098677035,0.174635558921611,1,"gas.price_21",849233,2380222,594856,1863010,345215,307620,1192922,723
"446",0.442204800635809,0.634832572551444,0.837720585119212,0.536211976242485,0.960159067278262,0,"gas.price_21",835130,2362854,624353,1905012,355308,307225,1209108,715
"447",0.247353763735853,0.816601710683201,0.013166075443849,0.597661035191035,0.67147236991697,1,"gas.price_21",879056,2382093,602190,1851370,352579,319477,1225996,720
"448",0.23576610392984,0.629939351185923,0.777586981624132,0.129975791451521,0.404755405596225,0,"gas.price_21",821020,2373688,609540,1907161,354198,297508,1189259,708
"449",0.967788476580521,0.166127016190207,0.439257814795245,0.580112090012291,0.753746804070659,0,"gas.price_21",837027,2396133,620155,1891127,367079,308676,1222668,706
"450",0.526745844645891,0.950870335387765,0.969817635863321,0.463804008964216,0.165931055925786,0,"gas.price_21",823471,2375234,618629,1902216,362162,301547,1230287,705
"451",0.605185292276554,0.469448998734122,0.685863492804114,0.981254217362497,0.800826821337454,1,"gas.price_21",863800,2381733,619952,1868264,357893,316835,1234420,717
"452",0.884474343671231,0.967792674043682,0.75937254160014,0.991256348497002,0.0952491956634913,0,"gas.price_21",812648,2380222,633896,1932558,362372,300609,1200223,669
"453",0.934375878761988,0.07916281676176,0.78395600814675,0.959929060597671,0.991459140803665,0,"gas.price_21",842085,2375834,634949,1912605,368064,313587,1225106,694
"454",0.540333571720868,0.0486699632171076,0.326057146122446,0.370084159821039,0.947576467157342,0,"gas.price_21",852270,2379718,615255,1885280,362137,314247,1229294,717
"455",0.485044787080493,0.143465776311001,0.522604091887828,0.899417946841568,0.545729591573589,0,"gas.price_21",833197,2346301,634926,1923892,364051,307926,1235733,696
"456",0.805472639974207,0.279765278110513,0.0974293609294109,0.282710089601809,0.8579911740073,0,"gas.price_21",839454,2402614,609408,1879675,362777,309753,1230959,719
"457",0.910885634089122,0.175551723995944,0.0535863391328603,0.0932323291143402,0.208539017429575,0,"gas.price_21",806841,2427670,601681,1895093,361191,293092,1174147,698
"458",0.546175500469748,0.223195798214991,0.230480832554167,0.201329681998352,0.0798030554661527,0,"gas.price_21",814112,2392793,609088,1906438,357963,294821,1192860,702
"459",0.398395822223276,0.44735673125321,0.148687840871047,0.0846701433949638,0.422187634985195,1,"gas.price_21",853472,2394645,587690,1857939,346285,310507,1189326,717
"460",0.125401582688792,0.0075777107346803,0.511417078131344,0.94805237073754,0.246599053991027,0,"gas.price_21",824845,2324837,635663,1947156,357832,301886,1193317,694
"461",0.622363339714007,0.438902212494751,0.844854126902763,0.747337523185415,0.145942000612151,1,"gas.price_21",849530,2399944,609628,1861994,356409,307748,1223014,714
"462",0.388071430944139,0.862705255069304,0.741259435548214,0.150182696717093,0.111088043490425,1,"gas.price_21",866032,2393838,581770,1843493,349872,314339,1211766,717
"463",0.402361607242841,0.443663071847055,0.698728794954717,0.209085965498351,0.374112633537501,0,"gas.price_21",821366,2379706,612473,1905354,354619,297929,1190193,714
"464",0.446180393558927,0.258566104242112,0.774689291423187,0.887000826109434,0.19605998329306,0,"gas.price_21",821064,2345427,635770,1932291,363271,299376,1218018,684
"465",0.711992817225866,0.943482289616717,0.0229520134988707,0.840150114432909,0.928957865142031,1,"gas.price_21",854775,2397926,614740,1868640,354365,312105,1202657,723
"466",0.206395247831475,0.688814986259211,0.762357756750658,0.7759816684213,0.727067151222145,1,"gas.price_21",855252,2359734,615719,1876549,347677,312530,1207881,722
"467",0.265285551915644,0.777431196956895,0.94178221776709,0.348069003705168,0.604849005533382,1,"gas.price_21",857114,2383524,598350,1862042,346732,311361,1190096,724
"468",0.471915141913574,0.355778782473877,0.0967829183354042,0.511237442945829,0.048212280632928,0,"gas.price_21",823117,2367919,620952,1909953,362848,299911,1224156,703
"469",0.00868974104057997,0.997320717899594,0.310686640372733,0.762727707232814,0.349583401346812,1,"gas.price_21",852582,2352937,616819,1886700,348758,308047,1204383,712
"470",0.156172315011499,0.714838211933617,0.49106526888581,0.641963247221429,0.946712020532927,0,"gas.price_21",847414,2335763,630615,1913272,360372,310833,1227763,711
"471",0.944530615227763,0.0996904097325169,0.462480103688547,0.563529125155183,0.46341534727742,1,"gas.price_21",862088,2432579,597084,1836326,357113,314597,1219958,710
"472",0.785863060113275,0.434892975686584,0.739077325412072,0.275701330137439,0.687846681393916,0,"gas.price_21",823199,2402188,612355,1894135,358420,300825,1187621,717
"473",0.853778849567752,0.6493792485788,0.317354430805892,0.835492121779593,0.110057339573745,1,"gas.price_21",834708,2410223,613914,1873850,355997,302788,1198217,718
"474",0.110745533752488,0.335163979384815,0.499043260382954,0.918508567810524,0.603927697762614,0,"gas.price_21",832779,2322479,636385,1941565,358339,306547,1205566,700
"475",0.712402445129119,0.345018709437456,0.351967571690446,0.195830018765992,0.818007408833364,0,"gas.price_21",831537,2404431,607478,1889191,358437,304071,1197815,712
"476",0.165411322965752,0.803843497222988,0.221089066002751,0.651699652106036,0.64203635997721,1,"gas.price_21",854514,2366203,611770,1875853,348014,309574,1193873,713
"477",0.142821261751931,0.674741220275639,0.920690672383644,0.498623960559955,0.989560648336774,0,"gas.price_21",840993,2341541,623948,1908864,353030,308441,1209596,714
"478",0.306493714106036,0.242833847510628,0.164460690159351,0.927707382489694,0.00549061595206149,0,"gas.price_21",819147,2331716,639385,1940440,363179,299444,1215362,677
"479",0.927037504025502,0.702640931551112,0.95359246217669,0.605139470247319,0.679349394534249,1,"gas.price_21",860748,2428925,598286,1838874,357261,315151,1219237,711
"480",0.658367151308805,0.577349425910506,0.753368586791446,0.346919740109937,0.0557598450127989,1,"gas.price_21",839137,2416175,595769,1860387,351185,304101,1183211,721
"481",0.595244373262627,0.527162226027111,0.452972930828109,0.0451144807473756,0.239070648988942,0,"gas.price_21",811335,2402592,605610,1898615,355793,294676,1181834,708
"482",0.38300981653342,0.973856255912455,0.445338370080339,0.684490710697137,0.113571995319333,1,"gas.price_21",850976,2391074,610082,1866143,355120,307158,1213982,712
"483",0.0458670985938516,0.746502777794842,0.618492889342364,0.966748647604603,0.784172989531653,1,"gas.price_21",856664,2343282,623813,1893884,349876,311642,1201232,719
"484",0.916187481858535,0.327192480468191,0.724960987518774,0.279162259204546,0.813256354796467,0,"gas.price_21",824127,2413262,612309,1893970,360547,301384,1187228,712
"485",0.0646442246988881,0.959195523945848,0.0895320522899274,0.827332028255565,0.62357664325228,1,"gas.price_21",868977,2355595,616297,1874518,353437,314381,1222904,714
"486",0.240240820003441,0.206903658594238,0.652579932026798,0.553485176243354,0.471758645685855,0,"gas.price_21",839934,2347538,625431,1911635,360496,306960,1231659,707
"487",0.214624549880158,0.899773320157779,0.0373989768391475,0.758211599883856,0.6986428248554,0,"gas.price_21",830935,2337184,631990,1925391,356352,306265,1205406,704
"488",0.0917467471908312,0.568137942780275,0.870521913993405,0.504126260796562,0.789584217583761,0,"gas.price_21",839710,2339146,624020,1918027,355810,306943,1206151,714
"489",0.915856568102958,0.535572568369796,0.699676285631256,0.395490157919936,0.494956374779809,1,"gas.price_21",862793,2437610,587951,1828715,356150,315245,1213969,716
"490",0.724569067002507,0.925629186525242,0.054324422713602,0.978843125558225,0.83692446735804,1,"gas.price_21",846385,2392808,619774,1881895,355044,310528,1188674,716
"491",0.256541951513384,0.216560466232011,0.17782665389264,0.76502423289814,0.932573185651097,1,"gas.price_21",864093,2365648,615032,1873257,348737,315776,1198416,718
"492",0.691203707105946,0.742178492074832,0.376890970079228,0.243461747616995,0.680439953953959,1,"gas.price_21",876517,2418992,579329,1827825,353416,320860,1195269,717
"493",0.581623099577148,0.942618024655385,0.589147030620603,0.361297670760425,0.280764826653292,1,"gas.price_21",859174,2409847,589879,1841064,352475,312121,1212418,722
"494",0.701934046472423,0.933608928788919,0.695731380236335,0.940165500588715,0.172762510083383,0,"gas.price_21",815669,2368915,632798,1930369,360399,301355,1184930,686
"495",0.408408464157488,0.092571049814811,0.157487302815774,0.17261537131737,0.933270613580476,1,"gas.price_21",871191,2395492,589448,1844971,346640,318199,1199169,721
"496",0.268546736598713,0.0511664804194588,0.0819757822898682,0.591488464125432,0.448164895922411,0,"gas.price_21",837936,2347596,628027,1914903,361237,305692,1223245,704
"497",0.99410122592235,0.58114145143074,0.577409506844822,0.640637579663424,0.817023991908412,1,"gas.price_21",849709,2429224,606324,1855315,355807,310850,1185671,717
"498",0.55172252237564,0.635431406901916,0.110102320450125,0.657383724311367,0.0165081688361242,0,"gas.price_21",815097,2367225,626442,1921971,359578,297406,1195617,689
"499",0.862172515054233,0.336411972422618,0.293416185354348,0.969457633456215,0.182036033835961,0,"gas.price_21",813688,2378077,631838,1934654,364478,300843,1198581,676
"500",0.35497913970123,0.871885292379186,0.264993487864733,0.309375315319747,0.664346928841202,0,"gas.price_21",838522,2370880,613112,1893141,358311,305290,1230283,716
