SMZ,State,Percent TEA,Percent PFA,Old METRO,New METRO,Balt METRO,New Balt,Existing Light Rail,New Light Rail,Existing Commuter Rail,New Commuter Rail,New Interchanges,Accessibility,Town,Town_adjacent
1,24,0,100.0000001,0,0,0,0,0,0,0,0,0,181.695067,0,0
2,24,0,99.99986663,0,0,0,0,1,0,0,0,0,172.287443,0,0
3,24,0,100.0000003,0,0,0,0,1,0,0,0,0,2212.021599,0,0
4,24,0,100.0000041,0,0,0,0,0,1,0,0,0,338.093697,0,0
5,24,0,100.0000002,0,0,0,0,0,1,0,0,0,188.5422,0,0
6,24,0,99.99945687,0,0,0,0,1,0,0,0,0,37.126665,0,0
7,24,0,99.99999952,0,0,0,0,0,0,0,0,0,857.329285,0,0
8,24,0,100.0000005,0,0,0,0,0,0,0,0,0,88.096619,0,0
9,24,0,100.0000007,0,0,0,0,0,0,0,0,0,19.019462,0,0
10,24,0,99.99993504,0,0,0,0,0,1,0,0,0,68.66821,0,0
11,24,0,100.0000002,0,0,0,0,0,1,0,0,0,273.469364,0,0
12,24,0,99.99999956,0,0,0,1,0,0,0,0,0,213.420566,0,0
13,24,0,100.0000005,0,0,0,1,0,0,0,0,0,134.396106,0,0
14,24,0,99.99999919,0,0,0,1,0,0,0,0,0,153.317326,0,0
15,24,0,100.0000006,0,0,0,1,0,0,0,0,0,11.296309,0,0
16,24,0,99.99999957,0,0,0,1,0,0,0,0,0,12.692323,0,0
17,24,0,100.0000006,0,0,0,1,0,0,0,0,0,34.988608,0,0
18,24,0,99.99999974,0,0,0,0,0,0,0,0,0,7.033039,0,0
19,24,0,99.99999966,0,0,0,0,0,0,0,0,0,18.170769,0,0
20,24,0,100.0000008,0,0,1,0,0,0,0,0,0,712.796272,0,0
21,24,0,100.0000003,0,0,1,0,0,0,0,0,0,1154.516788,0,0
22,24,0,100.0000007,0,0,0,0,0,0,0,0,0,14.292902,0,0
23,24,0,99.99999867,0,0,1,0,0,0,0,0,0,2136.97441,0,0
24,24,0,100.0000003,0,0,0,0,0,0,0,0,0,99.088541,0,0
25,24,0,99.9999998,0,0,0,0,0,0,0,0,0,4700.546272,0,0
26,24,0,99.99999935,0,0,1,0,0,0,0,0,0,12598.11555,0,0
27,24,0,100.0000005,0,0,0,0,0,0,0,0,0,1330.93997,0,0
28,24,0,99.99999906,0,0,0,0,0,0,0,0,0,283.689792,0,0
29,24,0,99.9999983,0,0,0,0,1,0,0,0,0,2792.258103,0,0
30,24,0,99.99999973,0,0,0,1,0,0,0,0,0,904.012025,0,0
31,24,0,99.99999991,0,0,0,1,0,0,0,0,0,625.575242,0,0
32,24,0,100.0000003,0,0,0,0,0,1,0,0,0,5788.144572,0,0
33,24,0,99.9999981,0,0,0,0,0,1,0,0,0,13822.60531,0,0
34,24,0,99.99999883,0,0,0,0,1,0,0,0,0,1643.865037,0,0
35,24,0,100,0,0,0,0,0,0,0,0,0,178.728045,0,0
36,24,0,100,0,0,0,0,0,0,0,0,0,65.121293,0,0
37,24,0,99.9999965,0,0,0,0,0,0,0,0,0,86.130541,0,0
38,24,0,100.0000008,0,0,0,1,0,0,0,0,0,42.147845,0,0
39,24,0,99.99999991,0,0,0,0,0,0,0,0,0,93.734406,0,0
40,24,0,100.0000016,0,0,0,0,0,0,0,0,0,260.657615,0,0
41,24,0,100.0000014,0,0,0,0,0,0,0,0,0,76.336062,0,0
42,24,0,99.99999809,0,0,0,0,0,0,0,0,0,516.302839,0,0
43,24,0,99.99999886,0,0,0,0,0,0,0,0,0,4264.193935,0,0
44,24,0,100.0000002,0,0,0,0,0,0,0,0,0,1545.222057,0,0
45,24,0,100.0000003,0,0,0,0,0,1,0,0,0,6075.913213,0,0
46,24,0,100.0000003,0,0,0,0,0,1,0,0,0,390.53017,0,0
47,24,0,100.0000002,0,0,0,0,0,1,0,0,0,1443.460644,0,0
48,24,0,99.99999796,0,0,0,1,0,1,1,0,0,2579.874002,0,0
49,24,0,99.99999951,0,0,0,0,0,0,0,0,0,58.493763,0,0
50,24,0,99.99999795,0,0,0,1,0,1,1,0,0,14617.13764,0,0
51,24,0,100.0000023,0,0,0,0,0,0,0,0,0,871.851941,0,0
52,24,0,100.0000025,0,0,1,0,1,0,0,0,0,8144.113579,0,0
53,24,0,99.99999671,0,0,1,1,1,0,0,0,0,13365.22325,0,0
54,24,0,100.000003,0,0,1,0,0,0,0,0,0,62514.71127,0,0
55,24,0,99.99999988,0,0,1,0,0,0,0,0,0,20782.13368,0,0
56,24,0,100.0000017,0,0,0,1,0,1,0,0,0,1700.288175,0,0
57,24,0,100.0000002,0,0,1,0,0,0,0,0,0,32352.38412,0,0
58,24,0,100.0000008,0,0,0,0,0,1,0,0,0,81626.95631,0,0
59,24,0,99.99999677,0,0,0,0,0,1,0,0,0,27477.3858,0,0
60,24,0,100.0000042,0,0,0,0,0,0,0,0,0,3957.328199,0,0
61,24,0,99.99999719,0,0,0,0,0,0,0,0,0,386660.1884,0,0
62,24,0,99.9999997,0,0,1,0,1,1,0,0,0,152745.5186,0,0
63,24,0,99.7102526,0,0,1,0,0,1,0,0,0,301720.8372,0,0
64,24,0,100.0000011,0,0,1,0,0,1,0,0,0,794210.8688,0,0
65,24,0,99.99999922,0,0,1,0,1,1,0,0,0,588749.0722,0,0
66,24,0,100.0000025,0,0,0,0,0,0,0,0,0,280753.5568,0,0
67,24,0,100.0000014,0,0,0,1,1,1,1,0,0,69961.65795,0,0
68,24,0,98.65560697,0,0,0,1,0,0,0,0,0,218191.7559,0,0
69,24,0,99.99999539,0,0,0,1,1,1,1,0,0,355190.0979,0,0
70,24,0,99.99999862,0,0,1,0,0,0,0,0,0,19886.49119,0,0
71,24,0,99.53339346,0,0,1,0,0,1,0,0,0,102063.9932,0,0
72,24,0,100.0000009,0,0,0,0,0,0,0,0,0,63251.48198,0,0
73,24,0,100.0000027,0,0,1,0,0,0,0,0,0,25501.48899,0,0
74,24,0,99.99999953,0,0,0,1,0,0,0,0,0,15628.13435,0,0
75,24,0,99.99999776,0,0,0,0,0,0,0,0,0,891.553472,0,0
76,24,0,100,0,0,0,1,0,0,0,0,0,801.905944,0,0
77,24,0,100.0000042,0,0,0,1,0,0,0,0,0,6383.239329,0,0
78,24,0,100.0000027,0,0,0,0,0,0,0,0,0,3487.834575,0,0
79,24,0,100.0000001,0,0,0,0,0,0,0,0,0,13523.27964,0,0
80,24,0,99.99999961,0,0,0,0,0,0,0,0,0,14498.6851,0,0
81,24,0,99.99999923,0,0,0,1,1,1,1,0,0,39136.99102,0,0
82,24,0,99.71816753,0,0,0,0,0,1,0,0,0,11894.83193,0,0
83,24,0,99.9999998,0,0,0,0,0,0,0,0,0,81583.97472,0,0
84,24,0,99.99999913,0,0,0,0,0,0,0,0,0,22184.99941,0,0
85,24,0,99.15422977,0,0,0,0,0,1,0,0,0,89566.31196,0,0
86,24,0,99.99999925,0,0,0,1,0,0,0,0,0,1287.109309,0,0
87,24,0,99.99999746,0,0,0,0,0,1,0,0,0,73030.87911,0,0
88,24,0,99.99999961,0,0,0,1,0,0,0,0,0,842.981143,0,0
89,24,0,100.0000025,0,0,0,1,0,0,0,0,0,3395.357376,0,0
90,24,0,99.99999855,0,0,0,0,0,1,0,0,0,1792.468352,0,0
91,24,0,100.0000016,0,0,0,0,0,1,0,0,0,376.977884,0,0
92,24,0,99.86133723,0,0,0,0,0,0,0,0,0,0.413287,0,0
93,24,0,99.27074947,0,0,0,0,0,1,0,0,0,0.164846,0,0
94,24,0,100.0000022,0,0,0,1,0,1,0,0,0,806.870257,0,0
95,24,0,100.000001,0,0,0,0,0,0,0,0,0,45.626338,0,0
96,24,0,100.000001,0,0,0,1,0,0,0,0,0,4.056963,0,0
97,24,0,99.99999844,0,0,0,0,0,0,0,0,0,1867.561516,0,0
98,24,0,100.0000017,0,0,0,0,0,0,0,0,0,2512.153556,0,0
99,24,0,99.99999548,0,0,0,1,1,0,0,0,0,197482.7802,0,0
100,24,0,100.0000004,0,0,0,0,0,0,0,0,0,11710.33337,0,0
101,24,0,100.0000004,0,0,0,0,0,0,0,0,0,1167.057914,0,0
102,24,0,100.0000024,0,0,0,0,0,0,0,0,0,52939.72373,0,0
103,24,0,99.99484556,0,0,0,0,0,0,0,0,0,157.888124,0,0
104,24,0,99.94408522,0,0,0,0,0,0,0,0,0,188.25882,0,0
105,24,0,97.35541778,0,0,0,0,0,0,0,0,0,2603.091427,0,0
106,24,0,99.22202202,0,0,0,1,1,0,0,0,0,8523.86978,0,0
107,24,0,99.59028064,0,0,0,0,1,0,0,0,0,3512.703614,0,0
108,24,0,99.89035476,0,0,0,0,0,0,0,0,0,38.616848,0,0
109,24,0,99.50116746,0,0,0,0,0,0,0,0,0,0.012979,0,0
110,24,0,99.52639256,0,0,0,0,0,0,0,0,0,15.735679,0,0
111,24,0,99.97171519,0,0,0,0,0,0,0,0,0,4.059866,0,0
112,24,0,99.91463423,0,0,0,0,0,0,0,0,0,1.954771,0,0
113,24,0,91.40210303,0,0,0,0,1,0,0,0,0,416.084741,0,0
114,24,0,97.0659826,0,0,0,0,1,0,0,0,0,472.02453,0,0
115,24,0,100.0000005,0,0,0,0,1,0,0,0,0,502.984988,0,0
116,24,0,99.24563538,0,0,0,0,1,0,0,0,0,171.03165,0,0
117,24,0,58.02886328,0,0,0,0,0,0,0,0,0,9.901886,0,0
118,24,0,84.83647838,0,0,0,1,0,1,1,0,0,0,0,0
119,24,0,98.43769227,0,0,0,0,0,0,0,0,0,0,0,0
120,24,0,99.99999979,0,0,0,1,0,0,0,0,0,21.261535,0,0
121,24,0,97.14712812,0,0,0,0,0,0,0,0,0,12.860177,0,0
122,24,0,100.000001,0,0,0,0,0,0,0,0,0,9.403385,0,0
123,24,0,100.0000005,0,0,0,0,0,0,0,1,0,56.285791,0,0
124,24,0,100.0000004,0,0,0,0,1,0,0,0,0,168.205545,0,0
125,24,0,100.0000009,0,0,0,0,0,0,0,0,0,9.137457,0,0
126,24,0,99.99999933,0,0,0,0,0,0,0,0,0,72.929271,0,0
127,24,0,99.99999711,0,0,0,0,0,0,0,0,0,85.170719,0,0
128,24,0,93.4042019,0,0,0,0,0,0,0,0,0,0,0,0
129,24,0,94.70445517,0,0,0,0,0,0,0,0,0,0,0,0
130,24,0,99.6438167,0,0,0,0,0,0,0,0,0,1.710111,0,0
131,24,0,62.56509527,0,0,0,0,0,0,0,0,0,0.00613,0,0
132,24,0,97.42889238,0,0,0,0,0,0,0,0,0,0,0,0
133,24,0,98.68119882,0,0,0,0,0,0,0,0,0,0.061775,0,0
134,24,0,73.56256694,0,0,0,0,0,0,0,0,0,0.813181,0,0
135,24,0,100.0000015,0,0,0,0,0,0,0,0,0,0.14492,0,0
136,24,0,93.36327735,0,0,0,0,0,0,0,0,0,0,0,0
137,24,0,41.19595274,0,0,0,0,0,0,0,0,0,0,0,0
138,24,31.10462004,43.57127077,0,0,0,0,0,0,1,0,0,0,0,0
139,24,87.69640982,48.83353344,0,0,0,0,0,0,0,0,0,0,0,0
140,24,3.450415884,56.66533719,0,0,0,0,0,0,0,0,0,0.019421,0,0
141,24,0,100.0000016,0,0,0,0,0,0,0,0,0,9.924848,0,0
142,24,0,97.43928316,0,0,0,0,0,0,0,0,0,0,0,0
143,24,0,7.516428303,0,0,0,0,0,0,0,0,0,0,0,0
144,24,0,90.49474627,0,0,0,0,0,0,0,0,0,0,0,0
145,24,0,50.48857381,0,0,0,0,0,0,0,0,0,0,0,0
146,24,0,99.99999958,0,0,0,0,0,0,0,0,0,11.238079,0,0
147,24,0,73.39252306,0,0,0,0,0,0,0,0,0,0,0,0
148,24,0,82.25205071,0,0,0,0,0,0,0,1,0,5.042238,0,0
149,24,0,59.83891836,0,0,0,0,0,0,0,0,0,0,0,0
150,24,0,28.43775708,0,0,0,0,0,0,0,0,0,0.027147,0,0
151,24,0,95.14238637,0,0,0,0,0,0,0,0,0,0,0,0
152,24,0,77.78025891,0,0,0,0,0,0,0,0,0,0.293253,0,0
153,24,0,90.41972688,0,0,0,0,0,0,0,1,0,1.35796,0,0
154,24,0,51.84489043,0,0,0,0,0,0,0,1,0,0,0,0
155,24,0,25.33802406,0,0,0,0,0,0,0,0,0,0.006681,0,0
156,24,0,1.137086371,0,0,0,0,0,0,0,0,0,0,0,0
157,24,0,92.96562746,0,0,0,0,0,0,0,0,0,0.010164,0,0
158,24,0,98.76212264,0,0,0,0,0,0,0,0,0,0,0,0
159,24,0,80.70592481,0,0,0,0,0,0,0,0,0,0.006686,0,0
160,24,0,8.232818969,0,0,0,0,0,0,0,0,0,0,0,0
161,24,0,6.310238353,0,0,0,0,0,0,0,0,0,0,0,0
162,24,0,99.16822042,0,0,0,0,0,0,0,0,0,0,0,0
163,24,0,0,0,0,0,0,0,0,0,0,0,0,0,0
164,24,5.706196348,77.1902977,0,0,0,0,0,0,1,0,0,0,0,1
165,24,0,45.92609116,0,0,0,0,0,0,0,0,0,1.491602,0,1
166,24,9.167077471,90.36315201,0,0,0,0,0,0,0,0,0,0,0,0
167,24,0.24925651,37.2995769,0,0,0,0,0,0,0,0,0,0,0,0
168,24,0,88.50302688,0,0,0,0,0,0,1,0,0,7.78187,0,0
169,24,0,98.85023823,0,0,0,0,0,0,0,0,0,0.091555,0,0
170,24,0,11.16973697,0,0,0,0,0,0,0,0,0,0,0,0
171,24,0,7.262500715,0,0,0,0,0,0,0,0,0,1.312976,0,0
172,24,0,90.00159748,0,0,0,0,0,0,0,0,0,0,0,0
173,24,0,82.2490925,0,0,0,0,0,0,1,0,0,0.006646,0,0
174,24,0,0,0,0,0,0,0,0,0,0,0,0,0,0
175,24,5.397103605,0.073808891,0,0,0,0,0,0,0,0,0,0,0,0
176,24,0,31.10561041,0,0,0,0,0,0,0,0,0,0,0,0
177,24,0,82.27482265,0,0,0,0,0,0,0,0,0,0,0,0
178,24,0,30.55846278,0,0,0,0,0,0,0,0,0,0,0,0
179,24,0,82.79065321,0,0,0,0,0,0,0,0,0,0,0,0
180,24,0,0.096081036,0,0,0,0,0,0,0,0,0,0,0,0
181,24,0,0,0,0,0,0,0,0,0,0,0,0,0,0
182,24,0,2.012930384,0,0,0,0,0,0,0,0,0,0,0,0
183,24,0,2.920374062,0,0,0,0,0,0,0,0,0,0,0,0
184,24,0,59.24441953,0,0,0,0,0,0,0,0,0,0,0,0
185,24,0,19.08623934,0,0,0,0,0,0,0,0,0,0,0,0
186,24,0,55.97647405,0,0,0,0,0,0,0,0,0,0,0,0
187,24,0,70.98614502,0,0,0,0,0,0,0,1,0,0.000029,0,1
188,24,0,0,0,0,0,0,0,0,0,0,0,0,0,0
189,24,0,1.793805306,0,0,0,0,0,0,0,0,0,0,0,0
190,24,0,58.60244351,0,0,0,0,0,0,0,1,0,0,0,1
191,24,0,90.87615227,0,0,0,0,0,0,0,0,0,0.271599,0,0
192,24,0,15.46463827,0,0,0,0,0,0,0,0,0,0.53562,0,0
193,24,0,25.19236487,0,0,0,0,0,0,0,0,0,0,0,0
194,24,0,95.51031067,0,0,0,0,0,0,0,0,0,0,0,0
195,24,0,73.47671914,0,0,0,0,0,0,0,0,0,0,0,0
196,24,0,95.42905804,0,0,0,0,0,0,0,0,0,0,0,0
197,24,0,10.77498251,0,0,0,0,0,0,0,0,0,0,0,0
198,24,0,0.615238787,0,0,0,0,0,0,0,0,0,0,0,0
199,24,0,30.8975168,0,0,0,0,0,0,0,1,0,560.664832,0,0
200,24,0,98.78500092,0,0,0,0,0,0,0,0,0,44.832664,1,0
201,24,0,29.23668031,0,0,0,0,0,0,0,0,0,0,0,1
202,24,0,92.29775332,0,0,0,0,0,0,0,1,0,212.407214,0,0
203,24,0,95.16314799,0,0,0,0,0,0,0,0,0,0,0,1
204,24,0,75.22159655,0,0,0,0,0,0,0,0,0,0,0,1
205,24,0,85.93609412,0,0,0,0,0,0,0,0,0,0,0,0
206,24,0,28.29819858,0,0,0,0,0,0,0,0,0,0,0,0
207,24,0,73.28219248,0,0,0,0,0,0,0,0,0,0,0,0
208,24,0,63.73968507,0,0,0,0,0,0,0,0,0,0,0,0
209,24,0,0,0,0,0,0,0,0,0,0,0,0,0,0
210,24,0,0.197248654,0,0,0,0,0,0,0,0,0,0,0,0
211,24,0,0,0,0,0,0,0,0,0,0,0,0,0,0
212,24,0,2.486282537,0,0,0,0,0,0,0,0,0,0,0,0
213,24,0,0,0,0,0,0,0,0,0,0,0,0.319213,0,0
214,24,0,1.015446353,0,0,0,0,0,0,0,0,0,0,0,0
215,24,0,17.85382806,0,0,0,0,0,0,0,0,0,0,0,0
216,24,0,3.591436399,0,0,0,0,0,0,0,0,0,0,0,0
217,24,0,43.87942425,0,0,0,0,0,0,0,0,0,0,0,0
218,24,0,0,0,0,0,0,0,0,0,0,0,0,0,0
219,24,0,0,0,0,0,0,0,0,0,0,0,0,0,0
220,24,0,0,0,0,0,0,0,0,0,0,0,0,0,0
221,24,0,0,0,0,0,0,0,0,0,0,0,0,0,0
222,24,0,0,0,0,0,0,0,0,0,0,0,0,0,0
223,24,0,0.013022679,0,0,0,0,0,0,0,0,0,0,0,0
224,24,0,0,0,0,0,0,0,0,0,0,0,0,0,0
225,24,0,0.650450993,0,0,0,0,0,0,0,0,0,0,0,0
226,24,0,0,0,0,0,0,0,0,0,0,0,0,0,0
227,24,0,0.672907977,0,0,0,0,0,0,0,0,0,0,0,0
228,24,0,0,0,0,0,0,0,0,0,0,0,0,0,0
229,24,0,26.70055449,0,0,0,0,0,0,0,0,1,0,0,0
230,24,0,0,0,0,0,0,0,0,0,0,0,0,0,0
231,24,0,0,0,0,0,0,0,0,0,0,1,0,0,0
232,24,0,0,0,0,0,0,0,0,0,0,0,0,0,0
233,24,0,0,0,0,0,0,0,0,0,0,0,0,0,0
234,24,0,0,0,0,0,0,0,0,0,0,0,0,0,0
235,24,0,99.9999987,0,0,0,0,0,0,0,0,1,0.671413,0,0
236,24,0,99.99999898,0,0,1,0,0,0,0,0,1,117.955996,0,0
237,24,0,100.0000003,0,0,1,0,0,0,0,0,1,69.607761,0,0
238,24,0,29.5320875,0,0,0,0,0,0,0,0,0,0,0,0
239,24,0,100.0000001,0,0,0,0,0,0,0,0,0,3.811758,0,0
240,24,0,85.35366932,0,0,0,0,0,0,0,0,0,0.219566,0,0
241,24,0,78.9375461,0,0,0,0,0,0,0,0,0,1.536336,0,0
242,24,0,100.000001,0,0,0,0,0,0,0,0,0,6.089555,0,0
243,24,0,35.99505031,0,0,0,0,0,0,0,0,0,0,0,0
244,24,0,100.0000003,0,0,0,0,0,0,0,0,0,10.927824,0,0
245,24,0,9.786833684,0,0,0,0,0,0,0,0,1,0,0,0
246,24,0,4.926135216,0,0,0,0,0,0,0,0,1,0,0,0
247,24,0,4.84892263,0,0,0,0,0,0,0,0,0,0,0,0
248,24,0,99.99999999,0,0,0,0,0,0,0,0,0,955.090481,0,0
249,24,0,99.99999983,0,0,0,0,0,0,0,0,0,510.691856,0,0
250,24,0,75.50438285,0,0,0,0,0,0,0,0,0,847.161127,0,0
251,24,0,86.64903043,0,0,0,0,0,0,0,0,0,0,0,0
252,24,0,99.99999936,0,0,0,0,0,0,0,0,0,1255.347116,0,0
253,24,0,100,0,0,0,0,1,1,0,0,0,8281.238187,0,0
254,24,0,100.0000009,0,0,0,0,0,1,0,0,0,925.397171,0,0
255,24,0,85.2279046,0,0,0,0,1,0,0,0,1,1413.582627,0,0
256,24,0,99.99999884,0,0,0,0,1,0,0,0,0,3572.573732,0,0
257,24,0,100.0000013,0,0,0,0,0,0,0,0,0,1488.150002,0,0
258,24,0,89.38942229,0,0,0,0,0,0,0,0,0,10.635222,0,0
259,24,0,99.99999957,0,0,0,0,0,0,0,0,0,20.989379,0,0
260,24,0,100.0000021,0,0,0,0,0,0,0,0,0,837.321471,0,0
261,24,0,99.99999781,0,0,0,0,1,0,0,0,0,19176.61486,0,0
262,24,0,38.80636027,0,0,0,0,0,0,0,0,0,0,0,0
263,24,0,42.20426129,0,0,0,0,0,0,0,0,0,23.618058,0,0
264,24,0,0,0,0,0,0,0,0,0,0,0,0,0,0
265,24,0,0.040222925,0,0,0,0,0,0,0,0,1,0,0,0
266,24,0.438220104,0.000665685,0,0,0,0,0,0,0,0,0,0,0,0
267,24,88.9643978,1.983293255,0,0,0,0,0,0,0,0,0,0,0,0
268,24,73.43546422,0.087194589,0,0,0,0,0,0,0,0,0,0,0,0
269,24,0,100.0000002,0,0,0,0,0,0,0,0,0,60.727059,0,0
270,24,0.233767356,88.11851334,0,0,0,0,0,0,0,0,0,0,0,0
271,24,0,100.0000023,0,0,0,0,0,0,0,0,0,30.43276,0,0
272,24,3.02449882,100.0000006,0,0,0,0,0,0,0,0,1,2.932608,0,0
273,24,4.538601305,100.0000007,0,0,0,0,0,0,0,0,1,0,0,0
274,24,92.92767261,30.48047104,0,0,0,0,0,0,0,0,1,0,0,0
275,24,0,99.99999883,0,0,0,0,0,0,0,0,0,1.49291,0,0
276,24,0,100.0000001,0,0,0,0,0,0,0,0,0,0,0,0
277,24,0,99.99999999,0,0,0,0,0,0,0,0,0,12.809835,0,0
278,24,0,99.99847436,0,0,0,0,0,0,0,0,0,53.752239,0,0
279,24,0,99.99586987,0,0,1,0,0,0,0,0,0,600.504579,0,0
280,24,0,100.0000007,0,0,0,0,0,0,0,0,0,22.962174,0,0
281,24,0,100.000003,0,0,0,0,0,0,0,0,0,1.769114,0,0
282,24,0,100.0000006,0,0,0,0,1,0,0,0,0,170.809085,0,0
283,24,0,10.17780537,0,0,0,0,0,0,0,0,0,0,0,0
284,24,0,52.00181942,0,0,0,0,0,0,0,0,0,3.749444,0,0
285,24,0,99.99999952,0,0,0,0,0,0,0,0,0,0.953409,0,0
286,24,0,0.042021427,0,0,0,0,0,0,0,0,0,0.002217,0,0
287,24,0,43.54591453,0,0,0,0,0,0,0,0,0,0,0,0
288,24,0,99.99999922,0,0,0,0,0,0,0,0,0,0,0,0
289,24,0,98.59934098,0,0,0,0,1,0,0,0,0,189.91517,0,0
290,24,0,99.99999974,0,0,0,0,1,0,0,0,0,1503.107673,0,0
291,24,0,73.06080257,0,0,0,0,0,0,0,0,0,0,0,0
292,24,0,99.99999908,0,0,0,0,0,0,0,0,0,313.717062,0,0
293,24,0,100.0000017,0,0,0,0,0,0,0,0,0,100.321935,0,0
294,24,0,100.0000016,0,0,0,0,0,1,0,0,0,59.35213,0,0
295,24,0,99.99999911,0,0,0,0,0,1,0,0,0,38.742827,0,0
296,24,0,99.99999967,0,0,0,0,0,0,0,0,0,10.027658,0,0
297,24,0,99.99999838,0,0,0,0,0,1,0,0,0,292.537632,0,0
298,24,0,99.99999988,0,0,0,0,0,1,0,0,0,237.063168,0,0
299,24,0,99.99999814,0,0,0,0,0,1,0,0,0,170.217278,0,0
300,24,0,99.99999991,0,0,0,0,0,0,0,0,0,6.20458,0,0
301,24,0,99.99999854,0,0,0,0,0,0,0,0,0,34.354884,0,0
302,24,0,100.0000018,0,0,0,0,0,0,0,0,0,31.88244,0,0
303,24,0,99.99999707,0,0,0,0,0,0,0,0,0,35.616422,0,0
304,24,0,100.0000017,0,0,0,0,0,0,0,0,0,9.448934,0,0
305,24,0,99.99999931,0,0,0,0,0,0,0,0,0,26.567321,0,0
306,24,0,100.0000008,0,0,0,1,0,0,0,0,0,11.735966,0,0
307,24,0,100.0000017,0,0,0,1,0,0,0,0,0,3.440437,0,0
308,24,0,99.94968349,0,0,0,0,0,0,0,0,0,0,0,0
309,24,0,99.99999898,0,0,0,0,0,0,0,0,0,7.290655,0,0
310,24,0,99.99999964,0,0,0,0,0,0,0,0,0,19.28547,0,0
311,24,0,100.0000007,0,0,0,0,0,0,0,0,0,37.724111,0,0
312,24,0,98.42599144,0,0,0,0,0,0,0,0,1,0,0,0
313,24,0,100.0000002,0,0,0,0,0,0,0,0,0,0,0,0
314,24,0,91.46404365,0,0,0,0,0,0,0,0,0,0,0,0
315,24,0,99.99999992,0,0,0,0,0,0,0,0,0,3.717657,0,0
316,24,0,99.99999936,0,0,0,1,0,0,0,0,0,0,0,0
317,24,0,58.145145,0,0,0,0,0,0,0,0,1,0,0,0
318,24,0,76.59146738,0,0,0,0,0,0,0,0,0,0,0,0
319,24,0,96.98069064,0,0,0,0,0,0,0,0,0,0,0,0
320,24,0,82.95761232,0,0,0,0,0,0,0,0,0,0,0,0
321,24,0,100.0000004,0,0,0,0,0,0,0,0,0,4.155114,0,0
322,24,0,100.0000015,0,0,0,0,0,0,0,0,0,7.50951,0,0
323,24,0,99.99999944,0,0,0,0,0,0,0,0,0,3.455228,0,0
324,24,0,99.99999865,0,0,0,1,0,0,0,0,0,11.35479,0,0
325,24,0,99.99999947,0,0,0,1,0,0,0,0,0,371.859598,0,0
326,24,0,0,0,0,0,0,0,0,0,0,1,0,0,0
327,24,0,0.47576776,0,0,0,0,0,0,0,0,1,0,0,0
328,24,0,99.98886675,0,0,0,0,0,0,0,0,0,502.081114,0,0
329,24,0,100.0000004,0,0,0,0,0,0,0,0,0,19.442611,0,0
330,24,0.255678787,98.92728802,0,0,0,0,0,0,0,0,0,6.136063,0,0
331,24,0,100.0000009,0,0,0,0,0,0,0,0,0,10.550472,0,0
332,24,0,99.99999979,0,0,0,0,0,0,0,0,0,26.110057,0,0
333,24,0,100.0000009,0,0,1,0,0,0,0,0,0,668.39801,0,0
334,24,0,99.99412879,0,0,1,0,0,0,0,0,0,529.021031,0,0
335,24,0.062315272,44.04708472,0,0,0,0,0,0,0,0,0,1.966967,0,0
336,24,0,99.90766007,0,0,0,0,0,0,0,0,0,51.561709,0,0
337,24,0,100.0000002,0,0,0,0,0,0,0,0,0,41.78708,0,0
338,24,0,99.99999884,0,0,0,1,0,0,0,0,0,4.160892,0,0
339,24,0,100.0000004,0,0,0,0,0,0,0,0,0,5.86387,0,0
340,24,0,99.99999922,0,0,0,0,0,0,0,0,0,60.811598,0,0
341,24,0,100.0000012,0,0,0,0,0,0,0,0,0,0,0,0
342,24,0,99.99999766,0,0,0,0,0,0,0,0,0,9.425684,0,0
343,24,0,100.0000006,0,0,0,0,0,0,0,0,0,25.961926,0,0
344,24,0,100.0000007,0,0,0,0,0,0,0,0,0,133.089814,0,0
345,24,0,99.99999807,0,0,0,0,0,0,0,0,0,65.875607,0,0
346,24,0,100,0,0,0,1,0,0,0,0,0,1.107539,0,0
347,24,0,89.81726653,0,0,0,1,0,0,0,0,0,0,0,0
348,24,0,18.33779993,0,0,0,0,0,0,0,0,0,0,0,0
349,24,0,33.71712996,0,0,0,0,0,0,0,0,0,0.075237,0,0
350,24,0,42.12000909,0,0,0,0,0,0,0,0,0,0,0,0
351,24,0,99.99999993,0,0,0,0,0,0,0,0,0,138.698266,0,0
352,24,0,99.99999913,0,0,0,0,0,1,0,0,0,1833.588811,0,0
353,24,0,99.99946907,0,0,0,0,0,0,0,0,0,24.687196,0,0
354,24,0,99.99999811,0,0,0,0,0,0,0,0,0,20186.86938,0,0
355,24,0,60.19388513,0,0,0,0,0,1,0,0,0,935.084546,0,0
356,24,0,100.0000018,0,0,0,0,0,0,0,0,0,127.90222,0,0
357,24,0,76.46744433,0,0,0,0,0,0,0,0,0,16.424717,0,0
358,24,0,82.35356656,0,0,0,0,0,0,0,1,0,0,0,0
359,24,0,99.99656022,0,0,0,0,0,0,0,0,0,13.136132,0,0
360,24,0,99.99999972,0,0,0,0,0,0,0,0,0,3.834345,0,0
361,24,0,100.0000003,0,0,0,0,0,0,0,0,0,2.3263,0,0
362,24,0,100.0000001,0,0,0,0,0,0,0,0,0,0,0,0
363,24,0,99.99965975,0,0,0,0,0,0,0,0,0,9.710569,0,0
364,24,0,100.0000012,0,0,0,0,0,0,0,0,0,3.478196,0,0
365,24,0,99.99999857,0,0,0,0,0,0,0,0,0,2.618621,0,0
366,24,0,99.99999886,0,0,0,0,0,0,0,0,0,1.329712,0,0
367,24,0,96.49662706,0,0,0,0,1,0,0,0,0,7592.620001,0,0
368,24,0,98.93806105,0,0,0,1,0,0,0,0,0,2109.925823,0,0
369,24,0,95.96184451,0,0,0,1,0,0,0,0,0,0,0,0
370,24,0,99.99999922,0,0,0,1,0,0,0,0,0,129.173117,0,0
371,24,0,99.99130096,0,0,0,1,0,0,0,0,0,40.000031,0,0
372,24,0,99.37054077,0,0,0,1,0,0,1,0,0,114.455452,0,0
373,24,0,100.0000005,0,0,0,0,0,0,0,0,0,62.460315,0,0
374,24,0,99.9996097,0,0,0,1,0,0,0,0,0,30.937808,0,0
375,24,0,99.9999999,0,0,0,0,0,0,0,0,0,18.885798,0,0
376,24,0,99.99999905,0,0,0,0,0,0,0,0,0,31.742382,0,0
377,24,0,99.00224778,0,0,0,1,0,0,1,0,0,2.872476,0,0
378,24,0,100.0000001,0,0,0,0,0,0,0,0,0,1.45527,0,0
379,24,0,100.0000008,0,0,0,0,0,0,0,0,0,114.212084,0,0
380,24,0,99.99999977,0,0,0,0,0,0,0,0,0,0.134725,0,0
381,24,0,99.99999889,0,0,0,1,0,0,1,0,0,10.714096,0,0
382,24,0,97.9035298,0,0,0,1,0,0,1,0,0,59.369474,0,0
383,24,0,99.91010414,0,0,0,0,0,0,0,0,0,151.373018,0,0
384,24,0,98.45958112,0,0,0,0,0,0,0,0,0,26.070661,0,0
385,24,0,99.55885306,0,0,0,0,0,0,0,0,1,2.390155,0,0
386,24,0,99.8303618,0,0,0,0,0,0,0,0,0,3.980846,0,0
387,24,0,95.1067265,0,0,0,0,0,0,0,0,1,2.769192,0,0
388,24,0,91.13322212,0,0,0,0,0,0,0,0,0,0,0,0
389,24,0,3.318691535,0,0,0,0,0,0,0,0,0,0,0,0
390,24,0,82.85944379,0,0,0,0,0,0,0,0,0,3.95988,0,0
391,24,0,96.2146392,0,0,0,0,0,0,0,0,0,14.908503,0,0
392,24,0,100.0000007,0,0,0,0,0,0,0,0,0,78.535444,0,0
393,24,0,100.0000004,0,0,0,0,0,0,0,0,0,4.332383,0,0
394,24,0,99.99999992,0,0,0,0,0,0,0,0,0,4.140542,0,0
395,24,0,97.59698987,0,0,0,0,0,1,0,0,0,22.294317,0,0
396,24,0,96.79760836,0,0,0,0,0,1,0,0,0,87.54082,0,0
397,24,0,98.3971323,0,0,0,1,0,0,0,0,0,118.649032,0,0
398,24,0,98.31153958,0,0,0,0,0,0,0,0,0,0.142128,0,0
399,24,0,96.80780793,0,0,0,0,0,0,0,0,0,0.068674,0,0
400,24,0,97.58655048,0,0,0,0,0,0,0,0,0,6.994763,0,0
401,24,0,95.63931947,0,0,0,0,0,0,0,0,0,0.068116,0,0
402,24,0,98.50774634,0,0,0,0,0,0,0,0,0,0.083217,0,0
403,24,0,19.15641727,0,0,0,0,0,0,0,0,0,0,0,0
404,24,0,95.54296455,0,0,0,0,0,0,0,0,1,0,0,0
405,24,0,98.71978933,0,0,0,0,0,0,0,0,1,0,0,0
406,24,25.93614114,4.253802481,0,0,0,0,0,0,0,0,0,0,0,1
407,24,11.02817877,16.77179578,0,0,0,0,0,0,0,0,0,0,1,0
408,24,0,1.518197265,0,0,0,0,0,0,0,0,0,0,0,1
409,24,0,1.900665448,0,0,0,0,0,0,0,0,0,0,0,1
410,24,45.79554446,2.27138728,0,0,0,0,0,0,0,0,0,0,0,0
411,24,0.015044173,33.47094848,0,0,0,0,0,0,0,0,0,0,0,0
412,24,0,1.316581917,0,0,0,0,0,0,0,0,0,0,0,1
413,24,0,4.316429833,0,0,0,0,0,0,0,0,0,0,0,1
414,24,0,1.73873212,0,0,0,0,0,0,0,0,0,0,0,1
415,24,0,35.81637792,0,0,0,0,0,0,0,0,0,0,1,0
416,24,0,0.222111496,0,0,0,0,0,0,0,0,0,0,0,1
417,24,0,16.75785808,0,0,0,0,0,0,0,0,0,0,0,0
418,24,0,4.538480794,0,0,0,0,0,0,0,0,0,0,0,0
419,24,0,23.41292507,0,0,0,0,0,0,0,0,0,0,0,1
420,24,0,13.47035799,0,0,0,0,0,0,0,0,0,0,0,1
421,24,0,7.641952551,0,0,0,0,0,0,0,0,0,0,0,1
422,24,0,6.284086373,0,0,0,0,0,0,0,0,0,0,0,1
423,24,0,9.533622492,0,0,0,0,0,0,0,0,0,0,0,1
424,24,0,72.11516235,0,0,0,0,0,0,0,0,0,0,1,0
425,24,0,58.47243858,0,0,0,0,0,0,0,0,0,0,0,1
426,24,0,9.51607938,0,0,0,0,0,0,0,0,0,0,0,0
427,24,0,53.96739234,0,0,0,0,0,0,0,0,0,0,0,0
428,24,0,44.03245982,0,0,0,0,0,0,0,0,0,0,0,0
429,24,0,26.81455142,0,0,0,0,0,0,0,0,0,0,0,1
430,24,0,61.52578261,0,0,0,0,0,0,0,0,0,0,0,1
431,24,0,15.65263996,0,0,0,0,0,0,0,0,0,0,0,1
432,24,0,6.059575375,0,0,0,0,0,0,0,0,0,0,0,1
433,24,0,1.656872935,0,0,0,0,0,0,0,0,0,0,0,1
434,24,0,7.558258495,0,0,0,0,0,0,0,0,0,0,0,0
435,24,0,2.542134642,0,0,0,0,0,0,0,0,0,0,0,1
436,24,0,5.532456495,0,0,0,0,0,0,0,0,0,0,0,1
437,24,0,0.868140721,0,0,0,0,0,0,0,0,0,0,0,0
438,24,0,2.800342315,0,0,0,0,0,0,0,0,0,0,0,1
439,24,0,0.927517344,0,0,0,0,0,0,0,0,0,0,0,0
440,24,0,2.854464848,0,0,0,0,0,0,0,0,0,0,0,0
441,24,0,22.12797691,0,0,0,0,0,0,0,0,0,0,0,1
442,24,0,6.97448124,0,0,0,0,0,0,0,0,0,0,0,1
443,24,0,65.56844149,0,0,0,0,0,0,0,1,0,0,0,1
444,24,0,7.620417178,0,0,0,0,0,0,0,0,0,0,0,0
445,24,0,5.035514255,0,0,0,0,0,0,0,0,0,0,0,0
446,24,0,2.866579441,0,0,0,0,0,0,0,0,0,0,0,0
447,24,0,14.93807145,0,0,0,0,0,0,0,0,0,0,0,0
448,24,0,57.58153936,0,0,0,0,0,0,0,0,0,0,0,0
449,24,0,51.66937515,0,0,0,0,0,0,0,0,0,0,0,0
450,24,0,86.92771233,0,0,0,0,0,0,0,0,0,0,0,0
451,24,0,76.52324921,0,0,0,0,0,0,0,1,0,0,0,0
452,24,0,88.30208767,0,0,0,0,0,0,0,0,0,0,0,0
453,24,11.58978039,10.9578477,0,0,0,0,0,0,0,0,0,0,0,0
454,24,0,0.221270921,0,0,0,0,0,0,0,0,0,0,0,0
455,24,0,0,0,0,0,0,0,0,0,0,0,0,0,0
456,24,0,0,0,0,0,0,0,0,0,0,0,0,0,0
457,24,0,0.920883024,0,0,0,0,0,0,0,0,0,0,0,0
458,24,0,0,0,0,0,0,0,0,0,0,0,0,0,0
459,24,0,0,0,0,0,0,0,0,0,0,0,0,0,0
460,24,0,4.403744034,0,0,0,0,0,0,0,0,0,0,0,0
461,24,0,0,0,0,0,0,0,0,0,0,0,0,0,0
462,24,0,0.873361129,0,0,0,0,0,0,0,0,0,0,0,0
463,24,0,1.461835528,0,0,0,0,0,0,0,0,0,0,0,0
464,24,0,0.745975491,0,0,0,0,0,0,0,0,0,0,0,0
465,24,0,3.867306968,0,0,0,0,0,0,0,0,0,0,0,0
466,24,0,0,0,0,0,0,0,0,0,0,0,0,0,0
467,24,0,4.041042574,0,0,0,0,0,0,0,0,0,0,0,0
468,24,0,1.858897705,0,0,0,0,0,0,0,0,0,0,0,0
469,24,0,1.689867414,0,0,0,0,0,0,0,0,0,0,0,0
470,24,0,13.84915425,0,0,0,0,0,0,0,0,0,0,0,0
471,24,0,0.003050938,0,0,0,0,0,0,0,0,0,0,0,0
472,24,0,74.70911077,0,0,0,0,0,0,0,0,0,6.016053,0,0
473,24,0,0.936565561,0,0,0,0,0,0,0,0,0,0,0,0
474,24,0,6.47177301,0,0,0,0,0,0,0,0,0,0,0,0
475,24,0,84.46758801,0,0,0,0,0,0,0,0,0,0,0,0
476,24,0,4.321634567,0,0,0,0,0,0,0,0,0,0,0,0
477,24,0,0.002922407,0,0,0,0,0,0,0,0,0,0,0,0
478,24,0,4.594703965,0,0,0,0,0,0,0,0,0,0.351805,0,0
479,24,0,11.68154956,0,0,0,0,0,0,0,0,0,0.000001,0,0
480,24,0,0.068655894,0,0,0,0,0,0,0,0,0,0,0,0
481,24,0,74.63079636,0,0,0,0,0,0,0,0,0,0,0,0
482,24,0,100.0000007,0,0,0,0,0,0,0,0,0,0.00671,1,0
483,24,0,99.68287899,0,0,0,0,0,0,0,0,0,0,0,1
484,24,0,99.99999954,0,0,0,0,0,0,0,0,0,0.001028,0,1
485,24,0,77.16093308,0,0,0,0,0,0,0,0,0,0,0,1
486,24,0,87.51533497,0,0,0,0,0,0,0,0,0,0.627913,0,1
487,24,0,99.99999995,0,0,0,0,0,0,0,0,0,0.853029,0,1
488,24,0,100.0000009,0,0,0,0,0,0,0,0,0,0.451073,0,1
489,24,0,6.251136791,0,0,0,0,0,0,0,0,0,0,0,1
490,24,0,0,0,0,0,0,0,0,0,0,0,0,0,1
491,24,0,3.867588832,0,0,0,0,0,0,0,0,0,0,0,1
492,24,0,99.71091217,0,0,0,0,0,0,0,0,0,0,0,1
493,24,0,98.9687352,0,0,0,0,0,0,0,0,0,0,1,0
494,24,0,38.95947293,0,0,0,0,0,0,0,0,0,1.884054,0,1
495,24,0,15.48805597,0,0,0,0,0,0,0,0,0,0,0,0
496,24,0,21.63297712,0,0,0,0,0,0,0,0,0,0,0,1
497,24,0,46.13874157,0,0,0,0,0,0,0,0,0,0,0,1
498,24,0,28.98742661,0,0,0,0,0,0,0,0,0,0,0,1
499,24,0,99.9301123,0,0,0,0,0,0,0,0,0,0.000007,1,0
500,24,0,57.79992493,0,0,0,0,0,0,0,0,0,0.000069,0,1
501,24,0,99.47248045,0,0,0,0,0,0,1,0,0,10.517857,0,0
502,24,0,99.79672541,0,0,0,0,0,0,1,0,0,0.617872,0,1
503,24,0,56.85207434,0,0,0,0,0,0,0,0,0,0.012553,0,1
504,24,0,96.96884623,0,0,0,0,0,0,0,0,0,0,0,1
505,24,0,87.18028457,0,0,0,0,0,0,0,0,0,9.395577,0,0
506,24,0,98.45000487,0,0,0,0,0,0,0,0,0,0.000085,0,0
507,24,0,0.843723855,0,0,0,0,0,0,0,0,0,0,0,0
508,24,0,99.99999936,0,0,0,0,0,0,0,0,0,14.969188,0,0
509,24,0,99.86451274,0,0,0,0,0,0,0,0,0,0,0,0
510,24,0,99.99999955,0,0,0,0,0,0,0,0,0,0,0,0
511,24,0,32.17473159,0,0,0,0,0,0,0,0,0,0,0,0
512,24,0,0,0,0,0,0,0,0,0,0,0,0,0,0
513,24,0,91.58048093,0,0,0,0,0,0,0,0,0,0,0,0
514,24,0,93.7000812,0,0,0,0,0,0,0,0,0,0.170083,0,0
515,24,0,99.62178037,0,0,0,0,0,0,0,0,0,0,0,0
516,24,0,99.36773002,0,0,0,0,0,0,0,0,0,0.274591,0,0
517,24,0,99.99999991,0,0,0,0,0,0,0,0,0,0.00047,0,0
518,24,0,82.54952222,0,0,0,0,0,0,0,0,0,0.00001,0,0
519,24,0,99.40862709,0,0,0,0,0,0,0,0,0,0,0,0
520,24,0,100.0000008,0,0,0,0,0,0,0,0,0,0,0,0
521,24,0,99.99999926,0,0,0,1,0,0,1,0,0,0,0,0
522,24,0,97.4982214,0,0,0,0,0,0,1,0,0,0,0,0
523,24,0,0.453375342,0,0,0,0,0,0,0,0,0,0,0,0
524,24,0,4.990087763,0,0,0,0,0,0,1,0,0,0,0,0
525,24,0,0,0,0,0,0,0,0,0,0,0,0,0,0
526,24,0,0.188026155,0,0,0,0,0,0,0,0,0,0,0,0
527,24,0,0,0,0,0,0,0,0,0,0,0,0,0,0
528,24,0,1.48814E-05,0,0,0,0,0,0,0,0,0,0,0,0
529,24,0,0,0,0,0,0,0,0,0,0,0,0,0,0
530,24,0,0,0,0,0,0,0,0,0,0,0,0,0,0
531,24,0,0.080933515,0,0,0,0,0,0,0,0,0,0,0,0
532,24,50.1755177,0.916424332,0,0,0,0,0,0,0,1,0,0,0,0
533,24,22.84115565,40.33888654,0,0,0,0,0,0,0,0,0,0,0,0
534,24,0,7.866831534,0,0,0,0,0,0,0,0,0,0,0,0
535,24,0,2.027581959,0,0,0,0,0,0,0,0,0,0,0,0
536,24,77.58860439,97.51451541,0,0,0,0,0,0,0,0,1,0,0,0
537,24,33.56210465,99.99999987,0,0,0,0,0,0,0,0,1,0,0,0
538,24,94.30281584,99.99999893,0,0,0,0,0,0,0,0,0,0,0,0
539,24,1.295317227,100.0000003,0,0,0,0,0,0,0,0,0,20.041616,0,0
540,24,0,100.0000004,0,0,0,0,0,0,0,0,0,0.029174,0,0
541,24,0,100.0000001,0,0,0,0,0,0,0,0,0,0.547278,0,0
542,24,0,99.99999977,0,0,0,0,0,0,0,0,0,0,0,0
543,24,0,94.71877947,0,0,0,0,0,0,0,0,0,0,0,0
544,24,0,99.99999938,0,0,0,0,0,0,0,1,0,0,0,0
545,24,0,99.77098173,0,0,0,0,0,0,0,0,0,0,0,0
546,24,0,98.11007656,0,0,0,0,0,0,0,0,0,4.283992,0,0
547,24,0,98.93846602,0,0,0,0,0,0,0,0,1,2.96601,0,0
548,24,0,29.15597429,0,0,0,0,0,0,0,0,0,0,0,0
549,24,0,99.99999914,0,0,0,0,0,0,0,0,0,0,0,0
550,24,0,55.45376174,0,0,0,0,0,0,0,0,0,0,0,0
551,24,0,9.100920774,0,0,0,0,0,0,0,0,0,0,0,0
552,24,0,0.30172738,0,0,0,0,0,0,0,0,0,0,0,0
553,24,0,2.035515446,0,0,0,0,0,0,0,0,0,0,0,0
554,24,0,0.399648913,0,0,0,0,0,0,0,0,0,0,0,0
555,24,0,0,0,0,0,0,0,0,0,0,0,0,0,0
556,24,0,100.0000008,0,0,0,0,0,1,0,0,0,98.506438,0,0
557,24,0,93.38199368,0,0,0,0,0,0,0,0,0,25.7609,0,0
558,24,0,99.35240631,0,0,0,0,0,0,0,0,0,132.857378,0,0
559,24,0,99.99999893,0,0,0,0,0,0,0,0,0,7.063836,0,0
560,24,0,92.41406965,0,0,0,0,0,0,0,0,0,0.251968,0,0
561,24,0,100.0000019,0,0,0,0,0,0,0,0,0,3.152576,0,0
562,24,0,99.99999983,0,0,0,0,0,1,0,0,0,1303.999956,0,0
563,24,0,99.99999916,0,0,0,0,0,0,0,0,0,1.883434,0,0
564,24,0,99.99999833,0,0,0,0,0,0,0,0,0,2.860681,0,0
565,24,0,99.9999988,0,0,0,0,0,0,0,0,0,28.226902,0,0
566,24,0,100.0000022,0,0,0,0,0,0,0,0,0,227.032169,0,0
567,24,0,100.0000015,0,0,0,0,0,0,0,0,0,5.726558,0,0
568,24,0,100.0000002,0,0,0,0,0,1,0,0,0,0,0,0
569,24,0,100,0,0,0,0,0,1,0,0,0,69.630809,0,0
570,24,17.67454979,99.99999879,0,0,0,0,0,0,0,0,0,75.707687,0,0
571,24,96.09203508,99.99999881,0,0,0,0,0,0,0,0,0,68.272238,0,0
572,24,66.9430471,99.99999764,0,0,0,0,0,0,0,0,0,26.412364,0,0
573,24,0,95.71840559,0,0,0,0,0,0,0,0,0,0,0,0
574,24,0,69.0396651,0,0,0,0,0,0,0,0,0,0,0,0
575,24,0,100.0000002,0,0,0,0,0,1,0,0,0,117.899916,0,0
576,24,0,100.0000008,0,0,0,0,0,1,0,0,0,172.210939,0,0
577,24,0,100.0000019,0,0,0,0,0,1,0,0,0,130.270741,0,0
578,24,0,99.9999999,0,0,0,0,0,0,0,0,0,0,0,0
579,24,0,100.0000004,0,0,0,0,0,0,0,0,0,0,0,0
580,24,0,100.0000007,0,0,0,0,0,0,0,0,0,0,0,0
581,24,0,100.0000001,0,0,0,0,0,0,0,0,0,0,0,0
582,24,0.731190013,99.99999837,0,0,0,0,0,0,0,0,0,42.625569,0,0
583,24,0.090486574,100.0000002,0,0,0,0,0,0,0,0,0,24.505839,0,0
584,24,0,99.9999975,0,0,0,0,0,0,0,0,0,0.198677,0,0
585,24,0.371924137,100,0,0,0,0,0,1,0,0,0,33.384486,0,0
586,24,0,98.30138553,0,0,0,0,0,0,0,0,0,0.178984,0,0
587,24,0,98.5283697,0,0,0,1,0,1,1,0,0,9.46558,0,0
588,24,7.777060713,98.63725742,0,0,0,0,0,1,1,0,0,0.067614,0,0
589,24,0,100.0000001,0,0,0,0,0,0,0,0,0,0,0,0
590,24,0,100.0000002,0,0,0,0,0,0,0,0,0,0.048634,0,0
591,24,0,99.99999903,0,0,0,0,0,0,0,0,0,0.585684,0,1
592,24,0,98.91201974,0,0,0,0,0,0,1,0,0,0.146187,0,0
593,24,0,99.99999992,0,0,0,0,0,0,0,0,0,0.53558,0,0
594,24,0,100.0000005,0,0,0,0,0,0,0,0,0,0.708678,0,1
595,24,0,99.89838745,0,0,0,0,0,0,1,0,0,10.139762,0,0
596,24,99.56286505,100.0000002,0,0,0,0,0,1,0,0,0,0.002414,0,0
597,24,79.96317851,98.84133429,0,0,0,0,0,1,0,0,0,2.565602,0,0
598,24,13.82949952,99.9999998,0,0,0,0,0,0,0,0,0,0,0,0
599,24,0,99.99999954,0,0,0,0,0,0,0,0,0,0,0,0
609,24,0,81.07514747,0,0,0,0,0,0,0,0,0,21.46719,0,0
610,24,0,99.20506417,0,0,0,0,0,1,0,0,0,119.578846,0,0
611,24,0,78.61973875,0,0,0,0,0,0,0,0,0,8.607285,0,0
612,24,0,100.0000018,0,0,0,0,0,0,0,0,0,2227.369835,0,0
613,24,0,98.6893002,0,0,0,0,0,1,0,0,0,12513.33206,0,0
614,24,0,99.42076351,0,0,0,0,0,0,0,0,0,4232.442336,0,0
615,24,0,97.0770665,0,0,0,0,0,0,0,0,0,22083.75414,0,0
616,24,0,99.99999813,0,0,0,0,0,0,0,0,0,16.460702,0,0
617,24,0,100.0000003,0,0,0,0,0,0,0,0,0,18.573842,0,0
618,24,0,99.99999919,0,0,0,0,0,0,0,0,0,2049.966915,0,0
619,24,0,99.99999895,0,0,0,0,0,1,0,0,0,1177.755623,0,0
620,24,0,100.000002,0,0,0,0,0,0,0,0,0,9205.54621,0,0
621,24,0,99.99999997,0,0,0,0,0,0,0,0,0,7342.923846,0,0
622,24,0,100.0000025,0,0,0,0,0,0,0,0,0,1265.250812,0,0
623,24,0,99.99999964,1,0,0,0,1,0,0,0,0,79611.37429,0,0
624,24,0,99.99999762,0,0,0,0,0,0,0,0,0,42016.98737,0,0
625,24,0,100.0000011,0,0,0,0,0,0,0,0,0,15070.90132,0,0
626,24,0,99.99999718,0,0,0,0,0,0,0,0,0,442.569085,0,0
627,24,0,100.000002,0,0,0,0,1,0,0,0,0,2016.978649,0,0
628,24,0,99.99999901,0,0,0,0,1,0,0,0,0,14615.69102,0,0
629,24,0,96.99193237,0,0,0,0,1,0,0,0,0,32047.93994,0,0
630,24,0,96.25113399,0,0,0,0,1,0,0,0,0,14674.2576,0,0
631,24,0,99.99999955,0,0,0,0,1,0,0,0,0,4810.238992,0,0
632,24,0,100.0000008,0,0,0,0,1,0,0,0,0,8562.229255,0,0
633,24,0,99.28960782,1,0,0,0,1,0,1,0,0,13709.18531,0,0
634,24,0,99.93873916,0,0,0,0,0,0,0,0,0,6998.855406,0,0
635,24,0,99.96961284,0,0,0,0,0,0,0,0,0,5515.53671,0,0
636,24,0,99.99412474,0,0,0,0,1,0,0,0,0,503.007107,0,0
637,24,0,99.99999936,0,0,0,0,0,0,0,0,0,13709.90168,0,0
638,24,0,99.99999953,0,0,0,0,1,0,0,0,0,1071.978677,0,0
639,24,0,99.99607734,0,0,0,0,0,0,0,0,0,28.270886,0,0
640,24,0,1.18278439,0,0,0,0,0,0,0,0,0,0,0,0
641,24,0,25.96836756,0,0,0,0,0,0,0,0,0,0.729797,0,0
642,24,0,16.25213475,0,0,0,0,0,0,0,0,0,0,0,0
643,24,0,68.42553961,0,0,0,0,0,0,0,0,0,0.932352,0,0
644,24,0,35.9523919,0,0,0,0,0,0,0,0,0,0.677724,0,0
645,24,0,99.99999978,0,0,0,0,0,0,0,0,0,129.450495,0,0
646,24,0,100.0000018,0,0,0,0,0,0,0,0,0,28.26449,0,0
647,24,0,39.50731372,0,0,0,0,0,0,0,0,0,1.16875,0,0
648,24,0,99.99999964,0,0,0,0,0,0,0,0,0,147.878101,0,0
649,24,0,99.99999832,0,0,0,0,0,0,0,0,0,430.116701,0,0
650,24,0,100.0000014,0,0,0,0,0,0,0,0,0,11153.00321,0,0
651,24,0,100.0000003,0,0,0,0,0,0,0,0,0,42.775079,0,0
652,24,0,99.99999724,1,0,0,0,0,0,0,0,0,58270.81952,0,0
653,24,0,100.0000002,1,0,0,0,0,0,1,0,0,23447.48559,0,0
654,24,0,100.0000021,0,0,0,0,0,0,1,0,0,6240.58842,0,0
655,24,0,100.0000023,0,0,0,0,0,0,0,0,0,4704.814978,0,0
656,24,0,99.99999905,0,0,0,0,0,0,0,0,0,40.341818,0,0
657,24,0,100.0000015,0,0,0,0,0,0,0,0,0,3540.575389,0,0
658,24,0,100.0000013,1,0,0,0,0,0,1,0,0,41977.62295,0,0
659,24,0,99.99999983,1,0,0,0,0,0,1,0,0,6125.139683,0,0
660,24,0,100.0000001,0,0,0,0,0,0,0,0,0,247.157546,0,0
661,24,0,100.0000007,0,0,0,0,0,0,0,0,0,1296.471866,0,0
662,24,0,100.0000001,0,0,0,0,0,0,1,0,0,235.6768,0,0
663,24,0,99.99999868,0,0,0,0,0,0,1,0,0,387.98568,0,0
664,24,0,100.0000003,1,0,0,0,0,0,0,0,0,11129.29833,0,0
665,24,0,100.0000013,1,0,0,0,0,0,0,0,0,70093.88207,0,0
666,24,0,100.0000013,0,0,0,0,0,0,0,0,0,110.81688,0,0
667,24,0,99.99999979,0,0,0,0,0,0,0,0,0,128.597284,0,0
668,24,0,99.9999997,0,0,0,0,0,0,0,0,0,3536.597733,0,0
669,24,0,99.99999884,0,0,0,0,0,0,0,0,0,218.882974,0,0
670,24,0,100.0000006,1,0,0,0,0,0,0,0,0,12516.63084,0,0
671,24,0,99.99999994,0,0,0,0,0,0,0,0,0,203.175182,0,0
672,24,0,99.99999955,0,0,0,0,0,0,0,0,0,9.513745,0,0
673,24,0,99.99999909,0,0,0,0,0,0,0,0,0,767.215481,0,0
674,24,0,100.0000003,0,0,0,0,0,0,0,0,0,74.917832,0,0
675,24,0,99.99999857,0,0,0,0,0,0,0,0,0,1496.277528,0,0
676,24,0,99.99999787,0,0,0,0,0,0,0,0,0,365.994306,0,0
677,24,0,100.0000029,0,0,0,0,0,0,0,0,0,590.811261,0,0
678,24,0,99.47319082,0,0,0,0,0,0,0,0,0,7.510059,0,0
679,24,0,100.000001,0,0,0,0,0,0,0,0,0,27.190667,0,0
680,24,0,99.99999997,0,0,0,0,0,0,0,0,0,0,0,0
681,24,0,99.99518382,0,0,0,0,0,0,0,0,0,37.548368,0,0
682,24,0,78.22309263,0,0,0,0,0,0,0,0,0,19.994061,0,0
683,24,9.241121935,97.16912063,0,0,0,0,0,0,0,0,0,31.955455,0,0
684,24,51.79303394,99.9975601,0,0,0,0,0,0,0,0,0,70.363057,0,0
685,24,0,99.99999875,0,0,0,0,0,0,0,0,0,266.577325,0,0
686,24,0,98.59426515,0,0,0,0,0,0,0,0,0,93.051067,0,0
687,24,0,99.9999986,0,0,0,0,0,0,0,0,0,49.568184,0,0
688,24,0,100.0000022,0,0,0,0,0,0,0,0,0,28.710586,0,0
689,24,0,100.0000026,0,0,0,0,0,0,0,0,0,1204.342719,0,0
690,24,0,100.0000004,0,0,0,0,0,0,0,0,0,1868.550417,0,0
691,24,0,99.99999745,1,0,0,0,0,0,1,0,0,19043.32268,0,0
692,24,0,89.51917551,0,0,0,0,0,0,0,0,0,85.885654,0,0
693,24,0,99.10902784,1,0,0,0,0,0,1,0,0,22244.41958,0,0
694,24,0,0.1194917,0,0,0,0,0,0,0,0,0,0.151971,0,0
695,24,0,69.17047023,0,0,0,0,0,0,0,0,0,88.420081,0,0
696,24,0,61.70250034,0,0,0,0,0,0,0,0,0,21.681228,0,0
697,24,0,99.29751495,0,0,0,0,0,0,0,0,0,0,0,0
698,24,0,100.0000006,0,0,0,0,0,0,0,0,0,24.920635,0,0
699,24,0,99.95629419,0,0,0,0,0,0,0,0,0,18.878038,0,0
700,24,0,99.40066252,0,0,0,0,0,0,0,0,0,3.850608,0,0
701,24,0,99.99999904,0,0,0,0,0,0,0,0,0,6.159738,0,0
702,24,0,66.92877377,0,0,0,0,0,0,0,0,0,0.066467,0,0
703,24,0,9.255852555,0,0,0,0,0,0,0,0,0,0.085674,0,0
704,24,0,76.63460508,0,0,0,0,0,0,0,0,0,0.343607,0,0
705,24,0,34.56309797,0,0,0,0,0,0,0,0,0,0.112545,0,0
706,24,0,0.271492269,0,0,0,0,0,0,0,0,0,0,0,0
707,24,0.881637951,1.136932808,0,0,0,0,0,0,0,0,0,0,0,0
708,24,30.50461807,78.3580878,0,0,0,0,0,0,0,0,0,6.413204,0,0
709,24,98.23888582,86.78831603,0,0,0,0,0,0,0,0,0,0.068351,0,0
710,24,1.698414899,8.282828073,0,0,0,0,0,0,0,0,0,45.316858,0,0
711,24,0,0.006068175,0,0,0,0,0,0,0,0,1,0.941201,0,0
712,24,0,0,0,0,0,0,0,0,0,0,0,0,0,0
713,24,0,0,0,0,0,0,0,0,0,0,0,0,0,0
714,24,0,29.24971615,0,0,0,0,0,0,0,0,1,0,0,0
715,24,0,98.16056286,0,0,0,0,0,0,0,0,0,36.379931,0,0
716,24,0,20.92556407,0,0,0,0,0,0,0,0,0,0,0,0
717,24,0,32.73538128,0,0,0,0,0,0,0,0,0,0,0,0
718,24,0,45.24812862,0,0,0,0,0,0,1,0,0,0,0,0
719,24,0,99.77125139,0,0,0,0,0,0,0,0,1,2374.145981,0,0
720,24,0,99.99999872,0,0,0,0,0,0,0,0,0,2705.533121,0,0
721,24,0,99.99999903,0,0,0,0,0,0,0,0,0,1158.157377,0,0
722,24,0,82.34397116,0,0,0,0,0,0,0,0,0,172.742278,0,0
723,24,0,99.20524613,0,0,0,0,0,0,0,0,0,6387.743972,0,0
724,24,0,99.99999984,0,0,0,0,0,0,1,0,0,599.496083,0,0
725,24,0,100.0000002,0,0,0,0,0,0,1,0,0,2.769159,0,0
726,24,0,100.0000001,0,0,0,0,0,0,0,0,0,826.506378,0,0
727,24,0,99.98367489,0,0,0,0,0,0,0,0,0,13.47561,0,0
728,24,0,88.71069729,0,0,0,0,0,0,0,0,0,34.469901,0,0
729,24,0,55.68764793,0,0,0,0,0,0,1,0,0,52.349465,0,0
730,24,0,99.89556237,0,0,0,0,0,0,0,0,0,116.585287,0,0
731,24,0,84.43302474,0,0,0,0,0,0,0,0,0,106.251094,0,0
732,24,0,100.0000021,0,0,0,0,0,0,0,0,0,98.887663,0,0
733,24,0,31.62291215,0,0,0,0,0,0,0,0,0,0.43387,0,0
734,24,0,96.71107232,0,0,0,0,0,0,0,0,0,61.614296,0,0
735,24,0,83.89615648,0,0,0,0,0,0,0,0,0,15.792752,0,0
736,24,0,97.09133091,0,0,0,0,0,0,0,0,0,3.288476,0,0
737,24,0,8.229212287,0,0,0,0,0,0,0,0,0,0.036979,0,0
738,24,0.526477617,2.897902198,0,0,0,0,0,0,0,0,0,0,0,0
739,24,48.59303833,0.777410777,0,0,0,0,0,0,0,0,0,0,0,0
740,24,84.14228918,3.994568812,0,0,0,0,0,0,0,0,0,0,0,0
741,24,0.072164213,43.27181956,0,0,0,0,0,0,0,0,0,0,0,0
742,24,0,60.94556128,0,0,0,0,0,0,0,0,0,0,0,0
743,24,0,0.254992957,0,0,0,0,0,0,0,0,0,0.728169,0,0
744,24,24.95548671,0.650574604,0,0,0,0,0,0,0,0,0,0,0,0
745,24,0,1.21537059,0,0,0,0,0,0,0,0,0,0,0,0
746,24,0,0,0,0,0,0,0,0,0,0,0,0,0,0
747,24,0,2.612968987,0,0,0,0,0,0,0,0,0,0,0,0
748,24,0,0.445243373,0,0,0,0,0,0,0,0,0,0.136566,0,0
749,24,0,38.93055779,0,0,0,0,0,0,0,0,0,0.006184,0,0
750,24,0,6.973825232,0,0,0,0,0,0,1,0,0,0,0,0
751,24,0,2.382807814,0,0,0,0,0,0,1,0,0,0,0,0
752,24,0,0,0,0,0,0,0,0,0,0,0,0,0,0
753,24,0,0.129437816,0,0,0,0,0,0,0,0,0,0,0,0
754,24,0,8.366711034,0,0,0,0,0,0,1,0,0,0,0,0
755,24,0,20.22432937,0,0,0,0,0,0,0,0,0,0,0,0
756,24,0,4.46366758,0,0,0,0,0,0,0,0,0,0,0,0
757,24,0,0.183357303,0,0,0,0,0,0,0,0,0,0,0,0
758,24,0,1.53148092,0,0,0,0,0,0,0,0,0,0,0,0
759,24,0,67.92429705,0,0,0,0,0,0,0,0,0,0,0,0
760,24,0,97.0907615,0,0,0,0,0,0,0,0,0,208.581518,0,0
761,24,0,5.195097121,0,0,0,0,0,0,0,0,0,0,0,0
762,24,2.414161419,9.452729102,0,0,0,0,0,0,0,0,0,0.261101,0,0
763,24,0.589532322,4.918164833,0,0,0,0,0,0,0,0,0,0,0,0
764,24,0,0.050866761,0,0,0,0,0,0,0,0,0,0,0,0
765,24,0,35.58316839,0,0,0,0,0,0,0,0,0,0.006503,0,0
766,24,0,1.078862561,0,0,0,0,0,0,0,0,0,0,0,0
767,24,0,99.96795537,0,0,0,0,0,0,0,0,0,15.116433,0,0
768,24,0,99.99999983,0,0,0,0,0,0,0,0,0,394.007963,0,0
769,24,0,99.99999783,0,0,0,0,1,0,0,0,0,151.434561,0,0
770,24,26.11376777,99.29322741,0,0,0,0,0,0,0,0,0,24.717632,0,0
771,24,0,99.99999893,0,0,0,0,1,0,0,0,0,26.006283,0,0
772,24,0,99.56803634,0,0,0,0,0,0,0,0,0,911.472528,0,0
773,24,0,100.0000024,0,0,0,0,1,0,0,0,0,637.717056,0,0
774,24,0,99.99999989,0,0,0,0,1,0,0,0,0,402.750115,0,0
775,24,0,99.99999373,0,0,0,0,0,0,0,0,0,1895.681575,0,0
776,24,0,98.47166575,0,0,0,0,0,0,0,0,0,87.972356,0,0
777,24,0,100.0000002,0,0,0,0,0,0,0,0,0,1617.230737,0,0
778,24,0,100.0000008,0,0,0,0,0,0,0,0,0,205.678454,0,0
779,24,0,100.0000004,1,0,0,0,0,0,0,0,0,10820.63409,0,0
780,24,0,99.99999996,0,0,0,0,0,0,0,0,0,894.870109,0,0
781,24,0,99.46890798,0,0,0,0,0,0,0,0,0,1524.423451,0,0
782,24,0,98.93710502,0,0,0,0,0,0,0,0,0,2868.230096,0,0
783,24,0,100,1,0,0,0,0,0,0,0,0,20238.16054,0,0
784,24,0,100.0000001,0,0,0,0,1,0,0,0,0,59.25859,0,0
785,24,0,100.000001,0,0,0,0,0,0,0,0,0,901.243825,0,0
786,24,0,99.99999891,1,0,0,0,1,0,1,0,0,1412.608281,0,0
787,24,0,100.0000028,1,0,0,0,1,0,1,0,0,1501.592531,0,0
788,24,0,99.99999661,1,0,0,0,0,0,1,0,0,3380.759222,0,0
789,24,0,100.0000004,0,0,0,0,0,0,0,0,0,5.247592,0,0
790,24,0,98.88523547,1,0,0,0,0,0,1,0,0,627.42055,0,0
791,24,0,97.55199969,1,0,0,0,0,0,1,0,0,787.514259,0,0
792,24,0,99.8949582,0,0,0,0,0,0,0,0,0,125.617366,0,0
793,24,0,100.0000019,0,0,0,0,0,0,0,0,0,150.176532,0,0
794,24,0,99.99999857,0,0,0,0,0,0,0,0,0,39.773943,0,0
795,24,0,99.99999944,0,0,0,0,0,0,1,0,0,264.976591,0,0
796,24,0,99.99999982,0,0,0,0,1,0,0,0,0,163.246363,0,0
797,24,0.002796196,100.0000002,1,0,0,0,1,1,1,0,0,2901.693279,0,0
798,24,0,99.99999944,0,0,0,0,0,0,0,0,0,10.420433,0,0
799,24,0,100.0000012,0,0,0,0,1,0,0,0,0,99.576771,0,0
800,24,0,99.9999981,1,0,0,0,0,0,0,0,0,1939.371022,0,0
801,24,0,100.0000007,0,0,0,0,0,0,0,0,0,1026.063756,0,0
802,24,0,99.87425671,1,0,0,0,0,0,0,0,0,1433.98975,0,0
803,24,0,99.96834796,1,0,0,0,0,0,0,0,0,3534.566003,0,0
804,24,0,99.99999771,0,0,0,0,0,0,0,0,0,17.603741,0,0
805,24,0,99.88648642,0,0,0,0,0,0,0,0,0,35.257973,0,0
806,24,0,99.99999969,1,0,0,0,0,0,0,0,0,650.507563,0,0
807,24,0,99.70996799,1,0,0,0,0,0,0,0,0,5642.45061,0,0
808,24,0,99.99999993,0,0,0,0,0,1,0,0,0,869.211327,0,0
809,24,0,100.0000005,0,0,0,0,0,0,0,0,0,12.562194,0,0
810,24,0,100.0000006,0,0,0,0,0,0,0,0,0,1051.846231,0,0
811,24,0,99.99999994,1,0,0,0,0,1,0,0,0,1349.519988,0,0
812,24,0,100.0000013,0,0,0,0,0,1,0,0,0,2.125417,0,0
813,24,0,99.70305737,0,0,0,0,0,0,0,0,0,60.548365,0,0
814,24,0,99.0861206,0,0,0,0,0,0,0,0,0,933.749788,0,0
815,24,0,100.0000004,0,0,0,0,0,0,0,0,0,18.025947,0,0
816,24,0,100.0000014,0,0,0,0,0,1,0,0,0,8.697712,0,0
817,24,0,99.99999835,1,0,0,0,0,1,0,0,0,667.644495,0,0
818,24,0,99.99999952,0,0,0,0,0,1,0,0,0,157.021124,0,0
819,24,0,99.9999986,0,0,0,0,0,0,0,0,0,46.482789,0,0
820,24,0,100.0000006,0,0,0,0,0,1,0,0,0,23.75696,0,0
821,24,0,99.99966758,0,0,0,0,0,0,0,0,0,52.687944,0,0
822,24,0,100,0,0,0,0,0,0,0,0,0,11.496186,0,0
823,24,0,99.66647567,1,0,0,0,0,0,0,0,0,27.922962,0,0
824,24,0,100.0000006,0,0,0,0,0,1,0,0,0,168.288201,0,0
825,24,0,99.99999927,0,0,0,0,0,1,0,0,0,62.508754,0,0
826,24,0,100.0000036,1,0,0,0,0,1,0,0,0,554.961618,0,0
827,24,0,99.99999717,1,0,0,0,0,0,0,0,0,52.982164,0,0
828,24,0,99.99999974,1,0,0,0,0,1,0,0,0,37.335887,0,0
829,24,0,99.99999718,0,0,0,0,0,1,0,0,0,21.216806,0,0
830,24,0,100.0000005,0,0,0,0,0,0,0,0,0,27.638917,0,0
831,24,0,100.0000018,0,0,0,0,0,0,0,0,0,13.999138,0,0
832,24,0,100.0000006,0,0,0,0,0,1,0,0,0,10.4927,0,0
833,24,0,99.99999997,1,0,0,0,0,0,0,0,0,171.679054,0,0
834,24,0,99.96642482,1,0,0,0,0,0,0,0,0,128.825517,0,0
835,24,0,99.87963748,0,0,0,0,0,1,0,0,0,0.397216,0,0
836,24,0,80.15916725,0,0,0,0,0,1,0,0,0,0.305971,0,0
837,24,46.1335596,99.00440035,0,0,0,0,0,0,0,0,0,43.507092,0,0
838,24,64.76300912,60.24108596,0,0,0,0,0,0,0,0,0,23.845726,0,0
839,24,0,97.36367517,0,0,0,0,0,0,0,0,0,8.014891,0,0
840,24,0,30.29026417,0,0,0,0,0,0,0,0,0,733.039144,0,0
841,24,0,54.18205259,0,0,0,0,0,0,0,0,0,544.737853,0,0
842,24,0,1.758662364,0,0,0,0,0,0,0,0,0,0,0,0
843,24,1.85197324,4.01899664,0,0,0,0,0,0,0,0,0,0,0,0
844,24,35.21554823,98.77710385,0,0,0,0,0,0,1,0,0,0.237527,0,0
845,24,0,45.37910265,0,0,0,0,0,0,0,0,0,0,0,0
846,24,75.6478514,100.0000007,0,0,0,0,0,0,0,0,0,2.020654,0,0
847,24,14.73219125,100.0000032,0,0,0,0,0,0,0,1,0,1.92059,0,0
848,24,0,100.000002,0,0,0,0,0,0,0,0,0,0,0,0
849,24,0,99.9999976,0,0,0,0,0,0,0,0,0,0.902691,0,0
850,24,24.60178053,99.99999835,0,0,0,0,0,0,1,0,0,100.433875,0,0
851,24,46.76258316,99.89117626,0,0,0,0,0,0,0,0,0,0,0,0
852,24,0,99.99999851,1,0,0,0,0,0,0,0,0,829.308933,0,0
853,24,6.164308263,99.53835133,0,0,0,0,0,0,0,0,0,101.128578,0,0
854,24,7.939307168,99.99999964,0,0,0,0,0,0,0,0,0,0.872982,0,0
855,24,0,99.99846008,0,0,0,0,0,0,0,0,0,1.225532,0,0
856,24,0,20.85208774,0,0,0,0,0,0,0,0,0,0,0,0
857,24,0,28.09652601,0,0,0,0,0,0,0,0,0,0,0,0
858,24,0,99.99999958,0,0,0,0,0,0,0,0,0,0,0,0
859,24,0,99.99971166,0,0,0,0,0,0,0,0,0,0,0,0
860,24,1.64074178,49.09279199,0,0,0,0,0,0,0,0,0,0,0,0
861,24,0,89.32664788,0,0,0,0,0,0,0,0,0,0.026742,0,0
862,24,0,38.4136637,0,0,0,0,0,0,0,0,0,1.396013,0,0
863,24,0,68.23964712,0,0,0,0,0,0,0,0,0,0.916024,0,0
864,24,0.368446765,99.99999981,0,0,0,0,0,1,0,0,0,0.07296,0,0
865,24,0,99.9999983,0,0,0,0,0,0,0,0,0,1.50142,0,0
866,24,0,100.0000013,0,0,0,0,0,1,0,0,0,2.292548,0,0
867,24,0,99.99999987,0,0,0,0,0,1,0,0,0,0.903312,0,0
868,24,0,43.73589235,0,0,0,0,0,0,0,0,0,2.869058,0,0
869,24,0,99.99999881,0,0,0,0,0,0,0,0,0,0.204357,0,0
870,24,0,99.99999991,0,0,0,0,0,1,0,0,0,11.449427,0,0
871,24,0,61.12875274,0,0,0,0,0,1,0,0,0,0.044012,0,0
872,24,0,40.92202977,0,0,0,0,0,0,0,0,0,0.095579,0,0
873,24,32.82041312,47.12885224,0,0,0,0,0,0,0,0,0,0,0,0
874,24,85.20541345,99.99999987,0,0,0,0,0,0,0,0,0,44.361262,0,0
875,24,18.3571001,99.99512071,0,0,0,0,0,0,0,0,0,6.345335,0,1
876,24,0,100.0000025,0,0,0,0,0,0,0,0,0,1.568042,0,0
877,24,4.635300758,99.9999999,0,0,0,0,0,0,0,0,0,3.171838,0,1
878,24,0,99.99999892,0,0,0,0,0,0,1,0,0,49.731607,0,1
879,24,0.408660812,97.50645491,0,0,0,0,0,0,0,0,0,0,0,0
880,24,0,99.99994176,0,0,0,0,0,0,0,0,0,34.842508,1,0
881,24,0,31.70952984,0,0,0,0,0,0,0,0,1,1.02668,0,0
882,24,0,99.5718856,0,0,0,0,0,0,1,0,0,134.385365,0,1
883,24,0,97.5439322,0,0,0,0,0,0,0,0,0,39.932395,0,1
884,24,0,97.97344898,0,0,0,0,0,0,1,0,0,18.129418,0,1
885,24,0,9.302126082,0,0,0,0,0,0,1,0,1,0,0,0
886,24,0,8.67368754,0,0,0,0,0,0,0,0,0,0,0,0
887,24,0,35.6071098,0,0,0,0,0,0,0,0,1,0,0,0
888,24,0,95.20505067,0,0,0,0,0,0,0,0,0,0.128043,0,0
889,24,30.78207255,99.93535135,0,0,0,0,0,0,0,0,1,0,0,0
890,24,10.52812851,100.0000002,0,0,0,0,0,0,0,1,1,22.720326,0,0
891,24,0,44.75325693,0,0,0,0,0,0,0,1,0,0,0,0
892,24,84.39389722,86.35472832,0,0,0,0,0,0,0,0,0,0.096659,0,0
893,24,8.095687841,99.37959145,0,0,0,0,0,0,0,0,0,0,0,0
894,24,17.74511992,49.24206829,0,0,0,0,0,0,1,0,0,11.060721,0,0
895,24,98.96977289,1.173988558,0,0,0,0,0,0,0,0,0,0,0,0
896,24,90.77283482,23.38775232,0,0,0,0,0,0,0,0,0,0.646629,0,0
897,24,7.645505768,79.01484986,0,0,0,0,0,0,0,0,0,0.242209,0,0
898,24,7.416071274,25.91711934,0,0,0,0,0,0,0,0,1,0,0,0
899,24,0,98.83523632,0,0,0,0,0,0,0,1,1,4.861296,0,0
900,24,0,99.83834127,0,0,0,0,0,0,0,0,1,3.333464,0,0
901,24,0,12.79429254,0,0,0,0,0,0,0,1,1,0,0,0
902,24,13.39542883,30.7328874,0,0,0,0,0,0,0,0,0,0.270807,0,0
903,24,0,32.12556731,0,0,0,0,0,0,0,0,0,0.042467,0,0
904,24,0,32.45611342,0,0,0,0,0,0,0,0,0,0.397498,0,0
905,24,0,75.97062394,0,0,0,0,0,0,0,0,1,0.004603,0,0
906,24,0,75.69950461,0,0,0,0,0,0,0,0,0,0.004413,0,0
907,24,0,91.5526158,0,0,0,0,0,0,0,0,0,0,0,0
908,24,0,0.098030933,0,0,0,0,0,0,0,0,0,0,0,0
909,24,0,20.24289621,0,0,0,0,0,0,0,0,1,0.000003,0,0
910,24,0,99.81911675,0,0,0,0,0,0,0,0,0,0,0,0
911,24,0,98.0122544,0,0,0,0,0,0,0,0,0,0,0,0
912,24,0,25.0166332,0,0,0,0,0,0,0,0,0,0,0,0
913,24,0,8.695516638,0,0,0,0,0,0,0,0,0,0,0,0
914,24,95.50388188,72.88672265,0,0,0,0,0,0,0,0,0,0.247751,0,0
915,24,96.60985199,97.19829785,0,0,0,0,0,0,0,0,0,0,0,0
916,24,29.513784,99.96212094,0,0,0,0,0,1,0,0,0,0.017752,0,0
917,24,0,93.3807833,0,0,0,0,0,0,0,0,0,0,0,0
918,24,0,16.96357175,0,0,0,0,0,0,0,0,1,0.177032,0,0
919,24,0,0.073571053,0,0,0,0,0,0,0,0,0,0,0,0
920,24,0,2.388438219,0,0,0,0,0,0,0,0,1,0,0,0
921,24,1.677519551,39.45241106,0,0,0,0,0,1,0,0,1,0,0,0
922,24,3.926185221,29.62862942,0,0,0,0,0,1,0,0,1,0,0,0
923,24,82.0891249,9.548176169,0,0,0,0,0,1,0,0,0,0,0,0
924,24,99.69542489,0.241728602,0,0,0,0,0,0,0,0,1,0,0,0
925,24,8.550662214,2.111235489,0,0,0,0,0,0,0,0,0,0,0,0
926,24,2.692597681,56.03744628,0,0,0,0,0,0,0,0,0,0.028029,0,0
927,24,61.19508372,68.71197066,0,0,0,0,0,0,0,0,0,0,0,0
928,24,9.286073134,12.9946876,0,0,0,0,0,0,0,0,0,0,0,0
929,24,0.043804135,1.208989982,0,0,0,0,0,0,0,0,0,0,0,0
930,24,69.31236759,30.30065787,0,0,0,0,0,0,0,0,0,0,0,0
931,24,30.80195924,8.595823654,0,0,0,0,0,0,0,0,0,0,0,0
932,24,0.82415662,51.24944004,0,0,0,0,0,0,0,0,0,0,0,0
933,24,0,2.075901971,0,0,0,0,0,0,0,0,0,0,0,0
934,24,0,0.652471884,0,0,0,0,0,0,0,0,0,0,0,0
935,24,0,10.5211637,0,0,0,0,0,0,0,0,0,0,0,0
936,24,0,0,0,0,0,0,0,0,0,0,0,0,0,0
937,24,8.476715531,1.798674246,0,0,0,0,0,0,0,0,0,0,0,0
938,24,0,0,0,0,0,0,0,0,0,0,0,0,0,0
939,24,78.0525281,0,0,0,0,0,0,0,0,0,0,0,0,0
940,24,0,0,0,0,0,0,0,0,0,0,0,0,0,0
941,24,0,0,0,0,0,0,0,0,0,0,0,0,0,0
942,24,0,0,0,0,0,0,0,0,0,0,0,0,0,0
943,24,0,26.65327643,0,0,0,0,0,0,0,0,0,0,0,0
944,24,29.05666002,24.94985934,0,0,0,0,0,0,0,0,0,0,0,0
945,24,0,1.950220804,0,0,0,0,0,0,0,0,0,0,0,1
946,24,13.38264,2.177447435,0,0,0,0,0,0,0,0,0,0,0,0
947,24,0,27.49320141,0,0,0,0,0,0,0,0,0,0,1,0
948,24,12.22808648,4.756525077,0,0,0,0,0,0,0,0,0,0,0,1
949,24,77.03055947,77.90971153,0,0,0,0,0,0,1,0,0,0,0,1
950,24,0.639344001,3.030108013,0,0,0,0,0,0,0,0,0,0,0,0
951,24,19.73563259,27.62052155,0,0,0,0,0,0,0,0,0,0,0,0
952,24,0,5.639165,0,0,0,0,0,0,0,0,0,0,0,0
953,24,10.09325369,10.23056171,0,0,0,0,0,0,0,0,0,0,0,1
954,24,0,9.505347446,0,0,0,0,0,0,0,0,0,0,0,1
955,24,0.00091654,46.88597458,0,0,0,0,0,0,0,0,0,0,0,0
956,24,88.55127829,97.42546928,0,0,0,0,0,0,1,0,0,0.000001,1,0
957,24,79.72357491,69.75416893,0,0,0,0,0,0,0,0,0,0,1,0
958,24,24.05279243,37.86907507,0,0,0,0,0,0,0,0,0,0,0,0
959,24,1.99496733,3.396281508,0,0,0,0,0,0,0,0,0,0,0,0
960,24,0,30.04376015,0,0,0,0,0,0,1,0,0,0,1,0
961,24,24.03693241,38.43363089,0,0,0,0,0,0,0,0,0,0,0,0
962,24,0,8.792559574,0,0,0,0,0,0,1,0,0,0,0,0
963,24,0,15.56572428,0,0,0,0,0,0,0,0,0,0,0,0
964,24,0,0.000127257,0,0,0,0,0,0,0,0,0,0,0,0
965,24,0,9.595960943,0,0,0,0,0,0,0,0,0,0,0,0
966,24,0,15.24594572,0,0,0,0,0,0,0,1,0,0,1,0
967,24,0,2.422108723,0,0,0,0,0,0,0,0,0,1.110261,0,0
968,24,0,1.239278089,0,0,0,0,0,0,0,0,0,0,0,0
969,24,0,11.27406166,0,0,0,0,0,0,0,0,0,0,0,0
970,24,0,0.003645476,0,0,0,0,0,0,0,0,0,0,0,0
971,24,0,8.51400251,0,0,0,0,0,0,0,0,0,0.000001,0,0
972,24,0,3.231870449,0,0,0,0,0,0,0,0,0,0,0,0
973,24,0,2.201015419,0,0,0,0,0,0,0,0,0,0,0,0
974,24,0,6.383140991,0,0,0,0,0,0,0,0,0,0,0,0
975,24,0,12.50268533,0,0,0,0,0,0,0,0,1,0,0,0
976,24,0,22.03496854,0,0,0,0,0,0,0,0,0,0,0,0
977,24,0,14.04687985,0,0,0,0,0,0,0,0,0,0,0,0
978,24,0,17.11606668,0,0,0,0,0,0,0,0,0,0,0,0
979,24,0,0.021380717,0,0,0,0,0,0,0,0,0,0,0,0
980,24,0,1.04594871,0,0,0,0,0,0,0,0,0,0,0,0
981,24,0,4.1805311,0,0,0,0,0,0,0,0,0,0,0,0
982,24,0,0.064540848,0,0,0,0,0,0,0,0,0,0,0,0
983,24,0,0.267723864,0,0,0,0,0,0,0,0,0,0,0,0
984,24,0,34.69280068,0,0,0,0,0,0,0,0,0,0,0,0
985,24,0,43.83869684,0,0,0,0,0,0,0,0,0,0,0,0
986,24,0,27.93299039,0,0,0,0,0,0,0,0,0,0,0,0
987,24,0.225587377,2.16355297,0,0,0,0,0,0,0,0,0,0,0,0
988,24,32.19885933,63.94499342,0,0,0,0,0,0,0,0,0,0,0,0
989,24,0.131931782,1.310113031,0,0,0,0,0,0,0,0,0,0,0,0
990,24,0.000125439,26.17927796,0,0,0,0,0,0,0,0,0,0,0,0
991,24,0,0.388845997,0,0,0,0,0,0,0,0,0,0,0,0
992,24,0,2.639229572,0,0,0,0,0,0,0,0,0,0,0,0
993,24,13.41306717,0.752923847,0,0,0,0,0,0,0,0,0,0,0,0
994,24,0,4.962376518,0,0,0,0,0,0,0,0,0,0,0,0
995,24,0,6.785612354,0,0,0,0,0,0,0,0,0,0,0,0
996,24,0,1.21025217,0,0,0,0,0,0,0,0,0,0,0,0
997,24,0,0.11052968,0,0,0,0,0,0,0,0,1,0,0,0
998,24,0,10.57916625,0,0,0,0,0,0,0,0,0,0,0,0
999,24,0,22.72007941,0,0,0,0,0,1,0,0,1,0,1,0
1000,24,0,32.58723586,0,0,0,0,0,1,0,0,1,0.000512,0,1
1001,24,22.26265374,10.43425575,0,0,0,0,0,0,0,0,0,0,0,0
1002,24,0,69.61528215,0,0,0,0,0,1,0,0,0,0.081896,0,0
1003,24,0,4.702746018,0,0,0,0,0,0,0,0,0,0,0,0
1004,24,28.25767958,1.013720852,0,0,0,0,0,0,0,0,0,0,0,0
1005,24,0,67.62774143,0,0,0,0,0,1,0,0,0,0.006246,0,0
1006,24,0,99.67828182,0,0,0,0,0,1,0,0,0,0,0,0
1007,24,0,9.49713868,0,0,0,0,0,0,0,0,0,0,0,0
1008,24,0,0.792486536,0,0,0,0,0,0,0,0,0,0,0,0
1009,24,0,17.66121103,0,0,0,0,0,0,0,0,0,0,0,0
1019,24,12.00413133,0.139593343,0,0,0,0,0,0,0,0,0,0,0,0
1020,24,0,1.385062276,0,0,0,0,0,0,0,0,0,0,0,0
1021,24,0,0.727217894,0,0,0,0,0,0,0,0,0,0,0,0
1022,24,0,59.10178513,0,0,0,0,0,0,0,0,0,0,0,0
1023,24,0,5.927573866,0,0,0,0,0,0,0,0,0,0,0,0
1024,24,0,1.937946367,0,0,0,0,0,0,0,0,0,0,0,0
1025,24,0.020584927,30.34306426,0,0,0,0,0,0,0,0,0,0,0,1
1026,24,0,55.27825799,0,0,0,0,0,0,0,0,0,0,0,1
1027,24,0,89.24372101,0,0,0,0,0,0,0,0,0,0,1,0
1028,24,0,47.62304539,0,0,0,0,0,0,0,0,0,0,0,0
1029,24,0,41.95115833,0,0,0,0,0,0,0,0,0,0,0,0
1030,24,0,22.72019946,0,0,0,0,0,0,0,0,0,0,0,0
1031,24,28.23162924,14.62895816,0,0,0,0,0,0,0,0,0,0,0,0
1032,24,0,12.55857646,0,0,0,0,0,0,0,0,0,0,0,1
1033,24,0,4.506444639,0,0,0,0,0,0,0,0,0,0,0,0
1034,24,0,58.40143631,0,0,0,0,0,0,0,0,0,0,1,0
1035,24,0,19.37085931,0,0,0,0,0,0,0,0,0,0,0,0
1036,24,0,9.516178851,0,0,0,0,0,0,0,0,0,0,0,0
1037,24,0,40.7105955,0,0,0,0,0,0,0,0,0,0,0,0
1038,24,0,19.82927524,0,0,0,0,0,0,0,0,0,0,0,0
1039,24,0,13.35946827,0,0,0,0,0,0,0,0,0,0,0,0
1040,24,44.37753512,2.995292157,0,0,0,0,0,0,0,0,0,0,0,0
1041,24,0,1.532136499,0,0,0,0,0,0,0,0,0,0,0,0
1042,24,8.217226459,0.809440456,0,0,0,0,0,0,0,0,0,0,0,0
1043,24,0,4.311741303,0,0,0,0,0,0,0,0,0,0,0,0
1044,24,0,0.573075598,0,0,0,0,0,0,0,0,0,0,0,0
1045,24,0,0.609065776,0,0,0,0,0,0,0,0,0,0,0,0
1046,24,0,2.172166143,0,0,0,0,0,0,0,0,0,0,0,0
1047,24,0,7.538936453,0,0,0,0,0,0,0,0,0,0,0,0
1048,24,0,8.70476789,0,0,0,0,0,0,0,0,0,0,0,0
1049,24,0,0.022287052,0,0,0,0,0,0,0,0,0,0,0,0
1050,24,0,0.09870703,0,0,0,0,0,0,0,0,0,0,0,0
1051,24,0,0.523606753,0,0,0,0,0,0,0,0,0,0,0,0
1052,24,0,25.78821597,0,0,0,0,0,0,0,0,0,0,0,0
1053,24,0,0.332796154,0,0,0,0,0,0,0,0,0,0,0,0
1054,24,0,99.99999985,0,0,0,0,0,0,0,0,0,0,0,1
1055,24,0,99.99999981,0,0,0,0,0,0,0,0,0,0,0,1
1056,24,0,100,0,0,0,0,0,0,0,0,0,0,1,0
1057,24,0,98.11313893,0,0,0,0,0,0,0,0,0,0,0,1
1058,24,0,100.0000001,0,0,0,0,0,0,0,0,0,0,0,1
1059,24,0,100,0,0,0,0,0,0,0,0,0,0,0,1
1060,24,0,19.13993495,0,0,0,0,0,0,0,0,0,0,0,0
1061,24,23.17723179,2.144923605,0,0,0,0,0,0,0,0,0,0,0,0
1062,24,0,38.2098335,0,0,0,0,0,0,0,0,0,0,0,1
1063,24,0,68.1592411,0,0,0,0,0,0,0,0,0,0,0,1
1064,24,0,13.44835147,0,0,0,0,0,0,0,0,0,0,0,1
1065,24,0,46.10096756,0,0,0,0,0,0,0,0,0,0,0,1
1066,24,0,1.422714234,0,0,0,0,0,0,0,0,0,0,0,0
1067,24,0,16.36707366,0,0,0,0,0,0,0,0,0,0,0,0
1068,24,0,2.703784211,0,0,0,0,0,0,0,0,0,0,0,0
1069,24,0,1.473433862,0,0,0,0,0,0,0,0,0,0,0,0
1070,24,20.30135925,19.6245816,0,0,0,0,0,0,0,0,0,0,0,0
1071,24,19.78421413,9.991634108,0,0,0,0,0,0,0,0,0,0,0,0
1072,24,0,56.19762115,0,0,0,0,0,0,0,0,0,0,0,0
1073,24,0,31.68835179,0,0,0,0,0,0,0,0,0,0,0,1
1074,24,0,2.792496366,0,0,0,0,0,0,0,0,0,0,0,0
1075,24,0,75.7670866,0,0,0,0,0,0,0,0,0,0,0,1
1076,24,0,12.67660622,0,0,0,0,0,0,0,0,0,0,0,0
1077,24,24.92333211,13.54115987,0,0,0,0,0,0,0,0,0,0,0,0
1078,24,0,15.37084573,0,0,0,0,0,0,0,0,0,0,0,0
1079,24,0,8.917609777,0,0,0,0,0,0,0,0,0,0,0,0
1080,24,0,11.38979777,0,0,0,0,0,0,0,0,0,0,0,0
1081,24,0,4.22185714,0,0,0,0,0,0,0,0,0,0,0,0
1082,24,0,6.659255719,0,0,0,0,0,0,1,0,0,0,0,0
1083,24,0,2.029556569,0,0,0,0,0,0,0,0,0,0,0,0
1093,24,8.255203274,2.226436604,0,0,0,0,0,0,0,0,0,0,0,0
1094,24,0,2.520043604,0,0,0,0,0,0,0,0,0,0,0,0
1095,24,0,3.273329929,0,0,0,0,0,0,0,0,0,0,0,0
1096,24,0,6.419795034,0,0,0,0,0,0,0,0,0,0,0,0
1097,24,0.179913014,0.324661056,0,0,0,0,0,0,0,0,0,0,0,0
1098,24,0,3.724351724,0,0,0,0,0,0,0,0,0,0,0,0
1099,24,11.73203464,6.706231123,0,0,0,0,0,0,0,0,0,0,0,0
1100,24,0.288215021,1.248034968,0,0,0,0,0,0,0,0,0,0,0,0
1101,24,25.53851722,1.145651903,0,0,0,0,0,0,0,0,0,0,0,0
1102,24,0,99.06757599,0,0,0,0,0,0,0,1,0,0,1,0
1103,24,0,5.417093356,0,0,0,0,0,0,0,0,0,0,0,0
1104,24,0,36.97811578,0,0,0,0,0,0,0,0,0,0,0,1
1105,24,0,68.56977718,0,0,0,0,0,0,0,0,0,0,0,1
1106,24,0,1.46538055,0,0,0,0,0,0,0,0,0,0,0,0
1107,24,0,16.62601836,0,0,0,0,0,0,0,0,0,0,0,0
1108,24,0,1.014623338,0,0,0,0,0,0,0,0,0,0,0,0
1109,24,0,29.8133149,0,0,0,0,0,0,0,0,0,0,0,0
1110,24,0,18.59929427,0,0,0,0,0,0,0,1,0,0,0,0
1111,24,0,3.181418937,0,0,0,0,0,0,0,0,0,0,0,0
1112,24,0,16.74254933,0,0,0,0,0,0,0,0,0,0,0,0
1113,24,0,38.76590903,0,0,0,0,0,0,1,0,0,0,0,0
1114,24,0,4.183824232,0,0,0,0,0,0,0,0,0,0,0,0
1115,24,0,0,0,0,0,0,0,0,0,0,0,0,0,0
1116,24,12.25640735,1.079150572,0,0,0,0,0,0,0,0,0,0,0,0
1117,24,0.003454908,7.707619855,0,0,0,0,0,0,0,0,0,0,0,0
1118,24,17.90292976,3.726111689,0,0,0,0,0,0,0,0,0,0,0,0
1119,24,0,79.91775552,0,0,0,0,0,0,0,0,1,0,1,0
1120,24,0,6.418727322,0,0,0,0,0,0,0,0,1,0,0,1
1121,24,0,1.028286388,0,0,0,0,0,0,0,0,0,0,0,0
1122,24,0,25.64928456,0,0,0,0,0,0,0,0,1,0,0,1
1123,24,0,2.709707329,0,0,0,0,0,0,0,0,1,0,0,1
1124,24,0.005450201,0.658251579,0,0,0,0,0,0,0,0,0,0,0,0
1125,24,0,8.986386221,0,0,0,0,0,0,0,0,0,0,0,0
1126,24,0,4.586568251,0,0,0,0,0,0,0,0,0,0,0,1
1127,24,0,39.14836318,0,0,0,0,0,0,0,0,0,0,1,0
1128,24,0,2.462886196,0,0,0,0,0,0,0,0,0,0,0,1
1129,24,0,8.390763357,0,0,0,0,0,0,0,0,0,0,0,0
1130,24,0,2.054084952,0,0,0,0,0,0,0,0,0,0,0,0
1131,24,7.01994149,0.926920669,0,0,0,0,0,0,0,0,0,0,0,0
1132,24,0.723237004,1.113853167,0,0,0,0,0,0,0,0,0,0,0,0
1133,24,0,3.702771951,0,0,0,0,0,0,0,0,0,0,0,0
1134,24,3.645349665,1.155963621,0,0,0,0,0,0,0,0,0,0,0,0
1135,24,0,1.552596988,0,0,0,0,0,0,0,0,0,0,0,0
1136,24,0,33.93012423,0,0,0,0,0,0,0,0,0,0,0,0
1137,24,0,50.05822604,0,0,0,0,0,0,0,0,0,0,0,0
1138,24,0,7.683364132,0,0,0,0,0,0,0,0,0,0,0,0
1139,24,0,16.51304017,0,0,0,0,0,0,0,0,0,0,0,0
1140,24,27.11116544,10.15469393,0,0,0,0,0,0,0,0,0,0,0,0
1141,24,7.609631848,9.272589204,0,0,0,0,0,0,0,0,0,0,0,1
1142,24,0,8.932777197,0,0,0,0,0,0,0,0,0,0,0,0
1143,24,0,6.871894272,0,0,0,0,0,0,0,0,0,0,0,0
1144,24,0,99.99979096,0,0,0,0,0,0,0,0,0,0,0,0
1145,24,0,5.182064245,0,0,0,0,0,0,0,0,0,0,0,0
1146,24,0,31.25359184,0,0,0,0,0,0,0,0,0,0,0,0
1147,24,0,2.525976739,0,0,0,0,0,0,0,0,0,0,0,0
1148,24,0,9.744045239,0,0,0,0,0,0,0,0,0,0,0,1
1149,24,0,98.35364479,0,0,0,0,0,0,0,0,0,0,1,0
1150,24,0,34.25565297,0,0,0,0,0,0,0,0,0,0,0,1
1151,24,0,6.640853445,0,0,0,0,0,0,0,0,0,0,0,0
1152,24,0,21.95114497,0,0,0,0,0,0,0,0,0,0,0,0
1153,24,0,12.5316278,0,0,0,0,0,0,0,0,0,0,0,0
1154,24,0,9.859490065,0,0,0,0,0,0,0,0,0,0,0,0
1155,24,0,96.21326884,0,0,0,0,0,0,0,0,0,0,0,1
1156,24,0,99.34824738,0,0,0,0,0,0,0,0,0,0,1,0
1157,24,0,98.67887863,0,0,0,0,0,0,0,0,0,0,0,1
1158,24,0,74.26016776,0,0,0,0,0,0,0,0,0,0,0,1
1159,24,0,97.0304529,0,0,0,0,0,0,0,0,0,0,0,1
1160,24,0,98.0095801,0,0,0,0,0,0,0,0,0,0,0,1
1161,24,0,99.94336898,0,0,0,0,0,0,0,0,0,0,0,1
1162,24,22.69164429,11.59156034,0,0,0,0,0,0,0,0,0,0,0,1
1163,24,0.597118184,33.4878023,0,0,0,0,0,0,0,0,0,0,0,1
1164,24,34.78091927,14.31320483,0,0,0,0,0,0,0,0,0,0,0,0
1165,24,25.63946955,5.111553263,0,0,0,0,0,0,0,0,0,0,0,0
1166,24,21.14935784,28.74604676,0,0,0,0,0,0,0,0,0,0,0,1
1167,24,0,4.336763104,0,0,0,0,0,0,0,0,0,0,0,1
1168,24,0,90.46192099,0,0,0,0,0,0,0,0,0,0,0,0
1169,24,22.35223948,3.647061494,0,0,0,0,0,0,0,0,0,0,0,1
1170,24,0,53.08764686,0,0,0,0,0,0,0,0,0,0,0,1
1171,24,0,1.365521948,0,0,0,0,0,0,0,0,0,0,0,0
1172,24,0,42.11331987,0,0,0,0,0,0,0,0,0,0,0,0
1173,24,0,71.88445136,0,0,0,0,0,0,0,0,0,0,0,0
1174,24,0,12.96737984,0,0,0,0,0,0,0,0,0,0,0,0
1175,24,0,0.925471023,0,0,0,0,0,0,0,0,0,0,0,0
1176,24,0,29.4270733,0,0,0,0,0,0,0,0,0,0,0,0
1177,24,10.00187481,1.551372501,0,0,0,0,0,0,0,0,0,0,0,0
1178,24,0.005097845,19.91772047,0,0,0,0,0,0,0,0,0,0,0,0
1188,11,0,0,0,0,0,0,0,0,0,0,0,742651.7621,0,0
1189,11,0,0,1,0,0,0,0,0,0,0,0,1356138.586,0,0
1190,11,0,0,0,0,0,0,0,0,0,0,0,1192357.719,0,0
1191,11,0,0,1,0,0,0,0,0,0,0,0,1058529.278,0,0
1192,11,0,0,1,0,0,0,0,0,0,0,0,2099077.345,0,0
1193,11,0,0,1,0,0,0,0,0,0,0,0,1362893.195,0,0
1194,11,0,0,1,0,0,0,0,0,0,0,0,646930.0181,0,0
1195,11,0,0,0,0,0,0,0,0,0,0,0,244607.5376,0,0
1196,11,0,0,1,0,0,0,0,0,0,0,0,1160980.036,0,0
1197,11,0,0,0,0,0,0,0,0,0,0,0,465764.7077,0,0
1198,11,0,0,0,0,0,0,0,0,0,0,0,40473.06993,0,0
1199,11,0,0,1,0,0,0,0,0,0,0,0,407503.8475,0,0
1200,11,0,0,1,0,0,0,0,0,0,0,0,151047.2119,0,0
1201,11,0,0,1,0,0,0,0,0,0,0,0,188831.1854,0,0
1202,11,0,0,1,0,0,0,0,0,0,0,0,181151.6361,0,0
1203,11,0,0,0,0,0,0,0,0,0,0,0,210158.8756,0,0
1204,11,0,0,1,0,0,0,0,0,1,0,0,105103.8661,0,0
1205,11,0,0,1,0,0,0,0,0,0,0,0,272294.1049,0,0
1206,11,0,0,1,0,0,0,0,0,0,0,0,843500.223,0,0
1207,11,0,0,1,0,0,0,0,0,0,0,0,1211471.073,0,0
1208,11,0,0,0,0,0,0,0,0,0,0,0,374830.2057,0,0
1209,11,0,0,0,0,0,0,0,0,0,0,0,88295.6619,0,0
1210,11,0,0,0,0,0,0,0,0,0,0,0,624.831254,0,0
1211,11,0,0,0,0,0,0,0,0,0,0,0,2694.783796,0,0
1212,11,0,0,0,0,0,0,0,0,0,0,0,1433.831876,0,0
1213,11,0,0,0,0,0,0,0,0,0,0,0,181.453669,0,0
1214,11,0,0,0,0,0,0,0,0,0,0,0,5561.646336,0,0
1215,11,0,0,0,0,0,0,0,0,0,0,0,14823.81197,0,0
1216,11,0,0,1,0,0,0,0,0,0,0,0,107876.5057,0,0
1217,11,0,0,1,0,0,0,0,0,0,0,0,24812.75062,0,0
1218,11,0,0,1,0,0,0,0,0,0,0,0,71594.23849,0,0
1219,11,0,0,1,0,0,0,0,0,0,0,0,48396.5669,0,0
1220,11,0,0,0,0,0,0,0,0,0,0,0,20804.41727,0,0
1221,11,0,0,1,0,0,0,0,0,0,0,0,60215.50596,0,0
1222,11,0,0,1,0,0,0,0,0,0,0,0,10346.9913,0,0
1223,11,0,0,1,0,0,0,0,0,0,0,0,20762.11462,0,0
1224,11,0,0,0,0,0,0,0,0,0,0,0,20025.87249,0,0
1225,11,0,0,1,0,0,0,0,0,0,0,0,46576.08832,0,0
1226,11,0,0,0,0,0,0,0,0,0,0,0,12475.31262,0,0
1227,11,0,0,0,0,0,0,0,0,0,0,0,77595.76739,0,0
1228,11,0,0,1,0,0,0,0,0,0,0,0,74431.34292,0,0
1229,11,0,0,0,0,0,0,0,0,0,0,0,10876.62749,0,0
1230,11,0,0,0,0,0,0,0,0,0,0,0,106073.3134,0,0
1231,11,0,0,0,0,0,0,0,0,0,0,0,7557.827921,0,0
1232,11,0,0,0,0,0,0,0,0,0,0,0,8723.389512,0,0
1233,11,0,0,1,0,0,0,0,0,0,0,0,46214.83885,0,0
1234,11,0,0,1,0,0,0,0,0,0,0,0,212494.4019,0,0
1235,11,0,0,1,0,0,0,0,0,0,0,0,176597.0741,0,0
1236,11,0,0,1,0,0,0,0,0,0,0,0,82539.33715,0,0
1237,11,0,0,0,0,0,0,0,0,0,0,0,0,0,0
1238,11,0,0,1,0,0,0,0,0,0,0,0,605156.1154,0,0
1239,11,0,0,0,0,0,0,0,0,0,0,0,8894.687798,0,0
1240,11,0,0,0,0,0,0,0,0,0,0,0,376.23,0,0
1241,11,0,0,0,0,0,0,0,0,0,0,0,378.810288,0,0
1242,11,0,0,1,0,0,0,0,0,0,0,0,41512.83374,0,0
1243,11,0,0,1,0,0,0,0,0,0,0,0,44664.55094,0,0
1244,11,0,0,1,0,0,0,0,0,0,0,0,38944.22561,0,0
1245,11,0,0,0,0,0,0,0,0,0,0,0,5918.385275,0,0
1246,11,0,0,0,0,0,0,0,0,0,0,0,15.352475,0,0
1247,11,0,0,0,0,0,0,0,0,0,0,0,5250.399826,0,0
1248,11,0,0,0,0,0,0,0,0,0,0,0,311.305462,0,0
1249,11,0,0,0,0,0,0,0,0,0,0,0,2315.601705,0,0
1250,11,0,0,0,0,0,0,0,0,0,0,0,470.139206,0,0
1251,11,0,0,0,0,0,0,0,0,0,0,0,791.81882,0,0
1252,11,0,0,0,0,0,0,0,0,0,0,0,7810.040994,0,0
1253,11,0,0,1,0,0,0,0,0,0,0,0,7905.594182,0,0
1254,11,0,0,0,0,0,0,0,0,0,0,0,2194.263284,0,0
1255,11,0,0,1,0,0,0,0,0,0,0,0,79997.46258,0,0
1256,11,0,0,1,0,0,0,0,0,1,0,0,40138.10393,0,0
1257,11,0,0,0,0,0,0,0,0,0,0,0,620.785959,0,0
1258,11,0,0,0,0,0,0,0,0,0,0,0,898.062101,0,0
1259,11,0,0,0,0,0,0,0,0,0,0,0,1236.799577,0,0
1260,11,0,0,0,0,0,0,0,0,0,0,0,346.905036,0,0
1261,11,0,0,1,0,0,0,0,0,0,0,0,4319.253546,0,0
1262,11,0,0,1,0,0,0,0,0,0,0,0,6020.855137,0,0
1263,11,0,0,1,0,0,0,0,0,0,0,0,845.69523,0,0
1264,11,0,0,0,0,0,0,0,0,0,0,0,393.004354,0,0
1265,11,0,0,0,0,0,0,0,0,0,0,0,4142.067869,0,0
1266,11,0,0,0,0,0,0,0,0,0,0,0,225.952482,0,0
1267,11,0,0,1,0,0,0,0,0,0,0,0,39929.72462,0,0
1268,11,0,0,1,0,0,0,0,0,0,0,0,574.933605,0,0
1269,11,0,0,0,0,0,0,0,0,0,0,0,6829.167049,0,0
1270,11,0,0,0,0,0,0,0,0,0,0,0,0,0,0
1271,11,0,0,0,0,0,0,0,0,0,0,0,0,0,0
1281,51,0,0,1,0,0,0,0,0,0,0,0,358502.6083,0,0
1282,51,0,0,0,0,0,0,0,0,0,0,0,12894.02551,0,0
1283,51,0,0,1,0,0,0,0,0,0,0,0,623591.5448,0,0
1284,51,0,0,1,0,0,0,0,0,0,0,0,62612.99478,0,0
1285,51,0,0,1,0,0,0,0,0,0,0,0,174947.7561,0,0
1286,51,0,0,1,0,0,0,0,0,0,0,0,16493.51146,0,0
1287,51,0,0,0,0,0,0,0,0,0,0,0,2232.378541,0,0
1288,51,0,0,0,0,0,0,0,0,0,0,0,2410.983942,0,0
1289,51,0,0,1,0,0,0,0,0,0,0,0,249119.1017,0,0
1290,51,0,0,0,0,0,0,0,0,0,0,0,22130.91615,0,0
1291,51,0,0,1,0,0,0,0,0,0,0,0,107391.4964,0,0
1292,51,0,0,0,0,0,0,0,0,0,0,0,7174.198829,0,0
1293,51,0,0,0,0,0,0,0,0,0,0,0,20.106399,0,0
1294,51,0,0,0,0,0,0,0,1,0,0,0,279.334722,0,0
1295,51,0,0,0,0,0,0,0,0,0,0,0,444.808989,0,0
1296,51,0,0,0,0,0,0,0,0,0,0,0,9897.884205,0,0
1297,51,0,0,0,0,0,0,0,0,0,0,0,3411.709994,0,0
1298,51,0,0,0,0,0,0,0,0,0,0,0,39761.38713,0,0
1299,51,0,0,0,0,0,0,0,0,0,0,0,413.934247,0,0
1300,51,0,0,1,0,0,0,0,0,0,0,0,9484.061842,0,0
1301,51,0,0,0,0,0,0,0,0,0,0,0,91.972428,0,0
1302,51,0,0,0,0,0,0,0,1,0,0,0,6970.202046,0,0
1303,51,0,0,1,0,0,0,0,1,0,0,0,11278.89803,0,0
1304,51,0,0,1,0,0,0,0,0,0,0,0,2803.31645,0,0
1305,51,0,0,0,0,0,0,0,1,0,0,0,32.145533,0,0
1306,51,0,0,1,0,0,0,0,0,0,0,0,219.08245,0,0
1307,51,0,0,0,0,0,0,0,1,0,0,0,265.272214,0,0
1308,51,0,0,0,0,0,0,0,0,0,0,0,0,0,0
1309,51,0,0,0,0,0,0,0,0,0,0,0,2.620435,0,0
1310,51,0,0,0,0,0,0,0,0,0,0,0,1.599539,0,0
1311,51,0,0,0,0,0,0,0,1,0,0,0,30.575886,0,0
1312,51,0,0,0,0,0,0,0,1,0,0,0,27.000217,0,0
1313,51,0,0,0,0,0,0,0,1,0,0,0,45.540159,0,0
1314,51,0,0,1,0,0,0,0,0,0,0,0,2598.13538,0,0
1315,51,0,0,1,0,0,0,0,1,0,0,0,1068.647626,0,0
1316,51,0,0,0,0,0,0,0,1,0,0,0,0.212467,0,0
1317,51,0,0,1,1,0,0,0,0,0,0,0,0.066392,0,0
1318,51,0,0,0,1,0,0,0,0,0,0,0,0.043717,0,0
1319,51,0,0,1,0,0,0,0,0,1,0,0,0.873334,0,0
1320,51,0,0,1,0,0,0,0,0,0,0,0,64.914989,0,0
1321,51,0,0,0,0,0,0,0,0,0,0,0,0,0,0
1322,51,0,0,0,0,0,0,0,0,1,0,0,0.147095,0,0
1323,51,0,0,1,0,0,0,0,1,0,0,0,1.004021,0,0
1324,51,0,0,0,0,0,0,0,0,0,0,0,0,0,0
1325,51,0,0,0,0,0,0,0,1,0,0,0,51.399818,0,0
1326,51,0,0,1,0,0,0,0,1,0,0,0,912.281762,0,0
1327,51,0,0,0,0,0,0,0,0,0,0,0,0,0,0
1328,51,0,0,0,1,0,0,0,0,0,0,0,0.613716,0,0
1329,51,0,0,0,1,0,0,0,0,0,0,0,0.110842,0,0
1330,51,0,0,0,0,0,0,0,0,0,0,0,24.600601,0,0
1331,51,0,0,0,0,0,0,0,0,0,0,0,0.011377,0,0
1332,51,0,0,0,0,0,0,0,0,0,0,0,0.000304,0,0
1333,51,0,0,0,0,0,0,0,0,1,0,0,0.03481,0,0
1334,51,0,0,0,1,0,0,0,0,0,0,0,0.191341,0,0
1335,51,0,0,0,1,0,0,0,0,0,0,0,0.123073,0,0
1336,51,0,0,1,0,0,0,0,0,0,0,0,0.000224,0,0
1337,51,0,0,0,0,0,0,0,0,0,0,0,0,0,0
1338,51,0,0,0,0,0,0,0,0,0,0,0,0,0,0
1339,51,0,0,0,0,0,0,0,0,1,0,0,0,0,0
1340,51,0,0,0,1,0,0,0,0,0,0,0,0,0,0
1341,51,0,0,0,0,0,0,0,0,1,0,0,0,0,0
1342,51,0,0,0,0,0,0,0,0,0,0,0,0,0,0
1343,51,0,0,0,0,0,0,0,0,1,0,0,0,0,0
1344,51,0,0,0,1,0,0,0,0,0,0,1,0.00027,0,0
1345,51,0,0,0,1,0,0,0,0,0,0,0,0.000196,0,0
1346,51,0,0,0,0,0,0,0,0,0,0,0,0.001952,0,0
1347,51,0,0,0,1,0,0,0,0,0,0,0,0.003321,0,0
1348,51,0,0,0,0,0,0,0,0,0,0,0,0.000873,0,0
1349,51,0,0,0,0,0,0,0,0,0,0,0,0.000122,0,0
1350,51,0,0,1,0,0,0,0,0,0,0,0,75.304976,0,0
1351,51,0,0,0,0,0,0,0,0,0,0,0,1.991317,0,0
1352,51,0,0,1,0,0,0,0,0,0,0,0,160.271145,0,0
1353,51,0,0,1,0,0,0,0,0,0,0,0,3026.520414,0,0
1354,51,0,0,0,0,0,0,0,0,0,0,0,0,0,0
1355,51,0,0,0,0,0,0,0,0,0,0,0,0.912054,0,0
1356,51,0,0,0,0,0,0,0,0,0,0,0,0,0,0
1357,51,0,0,0,0,0,0,0,0,0,0,1,27.715612,0,0
1358,51,0,0,0,0,0,0,0,0,0,0,0,655.20113,0,0
1359,51,0,0,0,0,0,0,0,0,0,0,1,0.360526,0,0
1360,51,0,0,0,0,0,0,0,0,0,0,0,0,0,0
1361,51,0,0,0,0,0,0,0,0,0,0,1,0,0,0
1362,51,0,0,0,0,0,0,0,0,0,0,0,0,0,0
1363,51,0,0,1,0,0,0,0,0,0,0,1,0,1,0
1364,51,0,0,0,0,0,0,0,0,0,0,0,0.038463,1,0
1365,51,0,0,0,0,0,0,0,0,0,0,0,0,0,0
1366,51,0,0,0,0,0,0,0,0,0,0,0,0,0,1
1367,51,0,0,0,0,0,0,0,0,0,0,0,0.000159,0,1
1368,51,0,0,0,0,0,0,0,0,0,0,0,0.378605,0,1
1369,51,0,0,0,0,0,0,0,0,0,0,0,0,0,1
1370,51,0,0,0,0,0,0,0,0,0,0,0,0,1,0
1371,51,0,0,0,0,0,0,0,0,0,0,0,0,0,0
1372,51,0,0,0,0,0,0,0,0,0,0,0,0,0,0
1373,51,0,0,0,0,0,0,0,0,0,0,0,0,0,0
1374,51,0,0,0,0,0,0,0,0,0,0,0,0,0,0
1375,51,0,0,0,0,0,0,0,0,0,0,0,0,0,0
1376,51,0,0,0,0,0,0,0,0,0,0,0,0,0,0
1377,51,0,0,0,0,0,0,0,0,0,0,0,0,0,0
1378,51,0,0,0,1,0,0,0,0,1,0,0,0.000095,0,0
1379,51,0,0,0,0,0,0,0,0,0,0,0,0,0,0
1380,51,0,0,0,0,0,0,0,0,0,0,0,0,0,0
1381,51,0,0,0,0,0,0,0,0,0,0,0,0,0,0
1382,51,0,0,0,0,0,0,0,0,0,0,0,0.002407,0,0
1383,51,0,0,0,0,0,0,0,0,0,0,0,0.00541,0,0
1384,51,0,0,0,0,0,0,0,0,0,0,0,0.014497,0,0
1385,51,0,0,0,0,0,0,0,0,1,0,0,76.785552,0,0
1386,51,0,0,0,0,0,0,0,0,1,0,0,35.340143,0,0
1387,51,0,0,0,0,0,0,0,0,0,0,1,0.000567,0,0
1388,51,0,0,0,0,0,0,0,0,1,0,1,0,0,0
1389,51,0,0,0,0,0,0,0,0,0,0,1,0,0,0
1390,51,0,0,0,0,0,0,0,0,0,0,0,0,0,0
1391,51,0,0,0,0,0,0,0,0,0,0,0,0,0,0
1392,51,0,0,0,0,0,0,0,0,0,0,0,0,0,0
1393,51,0,0,0,0,0,0,0,0,0,0,0,0,0,0
1394,51,0,0,0,0,0,0,0,0,1,1,1,0,0,0
1395,51,0,0,0,0,0,0,0,0,0,0,0,0,0,0
1396,51,0,0,0,0,0,0,0,0,0,1,0,0,0,0
1397,51,0,0,0,0,0,0,0,0,0,1,0,0,0,0
1398,51,0,0,0,0,0,0,0,0,0,0,0,0,0,0
1399,51,0,0,0,0,0,0,0,0,0,0,0,0,0,0
1400,51,0,0,0,0,0,0,0,0,0,0,0,0,0,0
1401,51,0,0,0,0,0,0,0,0,0,0,0,0,0,0
1402,51,0,0,0,0,0,0,0,0,0,0,0,0,0,0
1403,51,0,0,0,0,0,0,0,0,0,0,0,0,0,0
1404,51,0,0,0,0,0,0,0,0,0,0,0,0,0,0
1405,51,0,0,0,0,0,0,0,0,0,0,0,0,0,0
1406,51,0,0,0,0,0,0,0,0,0,0,0,0,0,0
1407,51,0,0,0,0,0,0,0,0,0,0,0,0,0,0
1408,51,0,0,0,0,0,0,0,0,0,0,0,0,1,0
1409,51,0,0,0,0,0,0,0,0,1,0,0,0.000559,0,0
1410,51,0,0,0,0,0,0,0,0,0,0,0,0,0,0
1411,51,0,0,0,0,0,0,0,0,0,0,0,0,0,0
1412,51,0,0,0,0,0,0,0,0,1,0,0,0,0,0
1413,51,0,0,0,0,0,0,0,0,0,0,0,0,0,0
1414,51,0,0,0,0,0,0,0,0,0,0,0,0,0,0
1415,51,0,0,0,0,0,0,0,0,0,0,0,0,0,0
1416,51,0,0,0,0,0,0,0,0,0,0,0,0,0,0
1417,51,0,0,0,0,0,0,0,0,0,0,0,0,0,0
1418,51,0,0,0,0,0,0,0,0,0,0,0,0,0,0
1419,51,0,0,0,0,0,0,0,0,0,0,0,0,0,0
1420,51,0,0,0,0,0,0,0,0,0,0,0,0,1,0
1421,51,0,0,0,0,0,0,0,0,0,0,0,0,1,0
1422,51,0,0,0,0,0,0,0,0,0,0,0,0,0,1
1423,51,0,0,0,0,0,0,0,0,0,0,0,0,0,1
1424,51,0,0,0,0,0,0,0,0,0,0,0,0,0,0
1425,51,0,0,0,0,0,0,0,0,0,0,0,0,0,0
1426,51,0,0,0,0,0,0,0,0,0,0,0,0,0,0
1427,51,0,0,0,0,0,0,0,0,0,0,0,0,0,0
1428,51,0,0,0,0,0,0,0,0,0,0,0,0,0,0
1438,51,0,0,0,0,0,0,0,0,0,0,0,0,0,0
1439,51,0,0,0,0,0,0,0,0,0,0,0,0,0,0
1440,51,0,0,0,0,0,0,0,0,0,0,0,0,0,0
1441,51,0,0,0,0,0,0,0,0,0,0,0,0,0,0
1442,51,0,0,0,0,0,0,0,0,0,0,0,0,0,0
1443,51,0,0,0,0,0,0,0,0,0,0,0,0,0,0
1444,51,0,0,0,0,0,0,0,0,0,0,0,0,0,0
1445,51,0,0,0,0,0,0,0,0,0,0,0,0,0,0
1446,51,0,0,0,0,0,0,0,0,0,0,0,0,0,0
1447,51,0,0,0,0,0,0,0,0,0,0,0,0,0,0
1448,51,0,0,0,0,0,0,0,0,0,0,0,0,0,0
1449,51,0,0,0,0,0,0,0,0,0,0,0,0,0,0
1450,51,0,0,0,0,0,0,0,0,0,0,0,0,0,0
1451,51,0,0,0,0,0,0,0,0,0,0,0,0,0,0
1452,51,0,0,0,0,0,0,0,0,0,0,0,0,0,0
1453,51,0,0,0,0,0,0,0,0,0,0,0,0,0,0
1454,51,0,0,0,0,0,0,0,0,0,0,0,0,0,0
1455,51,0,0,0,0,0,0,0,0,0,0,0,0,0,0
1456,51,0,0,0,0,0,0,0,0,0,0,0,0,0,0
1457,51,0,0,0,0,0,0,0,0,0,0,0,0,0,0
1458,51,0,0,0,0,0,0,0,0,0,0,0,0,0,0
1459,51,0,0,0,0,0,0,0,0,0,0,0,0,0,0
1460,51,0,0,0,0,0,0,0,0,0,0,0,0,0,0
1470,54,0,0,0,0,0,0,0,0,1,0,0,0,1,0
1471,54,0,0,0,0,0,0,0,0,0,0,0,0,0,1
1472,54,0,0,0,0,0,0,0,0,0,0,0,0,0,0
1473,54,0,0,0,0,0,0,0,0,0,0,0,0,0,1
1474,54,0,0,0,0,0,0,0,0,0,0,0,0,0,1
1475,54,0,0,0,0,0,0,0,0,0,0,0,0,0,0
1476,54,0,0,0,0,0,0,0,0,0,0,0,0,0,1
1477,54,0,0,0,0,0,0,0,0,1,0,0,0,1,0
1478,54,0,0,0,0,0,0,0,0,0,0,0,0,0,1
1479,54,0,0,0,0,0,0,0,0,0,0,0,0,0,0
1480,54,0,0,0,0,0,0,0,0,0,0,0,0,0,0
1481,54,0,0,0,0,0,0,0,0,0,0,0,0,0,0
1482,54,0,0,0,0,0,0,0,0,0,0,0,0,0,0
1483,54,0,0,0,0,0,0,0,0,0,0,0,0,0,0
1484,54,0,0,0,0,0,0,0,0,0,0,0,0,0,0
1485,54,0,0,0,0,0,0,0,0,0,0,0,0,0,0
1486,54,0,0,0,0,0,0,0,0,0,0,0,0,0,0
1487,54,0,0,0,0,0,0,0,0,0,0,0,0,0,0
1488,54,0,0,0,0,0,0,0,0,0,0,0,0,1,0
1489,54,0,0,0,0,0,0,0,0,0,0,0,0,0,0
1490,54,0,0,0,0,0,0,0,0,0,0,0,0,0,0
1491,54,0,0,0,0,0,0,0,0,0,0,0,0,0,0
1492,54,0,0,0,0,0,0,0,0,0,0,0,0,0,0
1493,54,0,0,0,0,0,0,0,0,0,0,0,0,0,0
1494,54,0,0,0,0,0,0,0,0,0,0,0,0,0,0
1495,54,0,0,0,0,0,0,0,0,0,0,0,0,0,0
1496,54,0,0,0,0,0,0,0,0,0,0,0,0,0,0
1497,54,0,0,0,0,0,0,0,0,0,0,0,0,0,0
1498,54,0,0,0,0,0,0,0,0,0,0,0,0,0,0
1499,54,0,0,0,0,0,0,0,0,0,0,0,0,0,0
1509,10,0,0,0,0,0,0,0,0,0,1,0,0,0,0
1510,10,0,0,0,0,0,0,0,0,0,0,0,0,0,0
1511,10,0,0,0,0,0,0,0,0,0,0,0,0,0,0
1512,10,0,0,0,0,0,0,0,0,0,0,0,0,0,0
1513,10,0,0,0,0,0,0,0,0,0,0,0,0,0,0
1514,10,0,0,0,0,0,0,0,0,0,0,0,0,0,0
1515,10,0,0,0,0,0,0,0,0,0,0,0,0,0,0
1516,10,0,0,0,0,0,0,0,0,0,0,0,0,0,0
1517,10,0,0,0,0,0,0,0,0,0,0,0,0,0,0
1518,10,0,0,0,0,0,0,0,0,0,0,0,0,1,0
1519,10,0,0,0,0,0,0,0,0,0,0,0,0,0,0
1520,10,0,0,0,0,0,0,0,0,0,0,0,0,0,0
1521,10,0,0,0,0,0,0,0,0,0,0,0,0,0,0
1522,10,0,0,0,0,0,0,0,0,0,0,0,0,0,0
1523,10,0,0,0,0,0,0,0,0,0,0,0,0,0,0
1524,10,0,0,0,0,0,0,0,0,0,0,0,0,0,0
1525,10,0,0,0,0,0,0,0,0,0,0,0,0,0,0
1526,10,0,0,0,0,0,0,0,0,0,0,0,0,0,0
1527,10,0,0,0,0,0,0,0,0,0,0,0,0,0,1
1528,10,0,0,0,0,0,0,0,0,0,0,0,0,0,0
1529,10,0,0,0,0,0,0,0,0,0,1,0,0,1,0
1530,10,0,0,0,0,0,0,0,0,0,0,0,0,0,0
1531,10,0,0,0,0,0,0,0,0,0,0,0,0,0,0
1532,10,0,0,0,0,0,0,0,0,0,0,0,0,0,0
1533,10,0,0,0,0,0,0,0,0,0,0,0,0,0,0
1534,10,0,0,0,0,0,0,0,0,0,0,0,0,0,0
1535,10,0,0,0,0,0,0,0,0,0,0,0,0,0,1
1536,10,0,0,0,0,0,0,0,0,0,0,0,0,1,0
1537,10,0,0,0,0,0,0,0,0,0,0,0,0,0,0
1538,10,0,0,0,0,0,0,0,0,0,0,0,0,0,0
1539,10,0,0,0,0,0,0,0,0,0,0,0,0,0,0
1540,10,0,0,0,0,0,0,0,0,0,0,0,0,0,0
1541,10,0,0,0,0,0,0,0,0,0,0,0,0,0,1
1542,10,0,0,0,0,0,0,0,0,0,0,0,0,0,1
1543,10,0,0,0,0,0,0,0,0,0,0,0,0,0,1
1544,10,0,0,0,0,0,0,0,0,0,0,0,0,0,0
1545,10,0,0,0,0,0,0,0,0,0,0,0,0,0,0
1546,10,0,0,0,0,0,0,0,0,0,0,0,0,0,0
1547,10,0,0,0,0,0,0,0,0,0,0,0,0,0,0
1548,10,0,0,0,0,0,0,0,0,0,0,0,0,0,0
1549,10,0,0,0,0,0,0,0,0,0,0,0,0,0,0
1550,10,0,0,0,0,0,0,0,0,0,0,0,0,0,0
1551,10,0,0,0,0,0,0,0,0,0,0,0,0,0,0
1552,10,0,0,0,0,0,0,0,0,0,0,0,0,0,0
1553,10,0,0,0,0,0,0,0,0,0,0,0,0,0,0
1554,10,0,0,0,0,0,0,0,0,0,0,0,0,0,0
1555,10,0,0,0,0,0,0,0,0,0,0,0,0,0,1
1556,10,0,0,0,0,0,0,0,0,0,0,0,0,1,0
1557,10,0,0,0,0,0,0,0,0,0,0,0,0,0,1
1558,10,0,0,0,0,0,0,0,0,0,0,0,0,0,1
1559,10,0,0,0,0,0,0,0,0,0,0,0,0,0,1
1560,10,0,0,0,0,0,0,0,0,0,0,0,0,1,0
1561,10,0,0,0,0,0,0,0,0,0,0,0,0,0,1
1562,10,0,0,0,0,0,0,0,0,0,0,0,0,0,0
1563,10,0,0,0,0,0,0,0,0,0,0,0,0,0,1
1564,10,0,0,0,0,0,0,0,0,0,0,0,0,0,0
1565,10,0,0,0,0,0,0,0,0,0,0,0,0,0,0
1566,10,0,0,0,0,0,0,0,0,0,0,0,0,0,1
1567,10,0,0,0,0,0,0,0,0,0,0,0,0,0,1
1568,10,0,0,0,0,0,0,0,0,0,0,0,0,0,1
1569,10,0,0,0,0,0,0,0,0,0,0,0,0,1,0
1570,10,0,0,0,0,0,0,0,0,0,0,0,0,0,1
1571,10,0,0,0,0,0,0,0,0,0,0,0,0,0,1
1572,10,0,0,0,0,0,0,0,0,0,0,0,0,0,1
1573,10,0,0,0,0,0,0,0,0,0,0,0,0,0,0
1574,10,0,0,0,0,0,0,0,0,0,0,0,0,1,0
1575,10,0,0,0,0,0,0,0,0,0,0,0,0,0,1
1576,10,0,0,0,0,0,0,0,0,0,0,0,0,0,0
1577,10,0,0,0,0,0,0,0,0,0,0,0,0,0,0
1578,10,0,0,0,0,0,0,0,0,0,0,0,0,0,0
1579,10,0,0,0,0,0,0,0,0,0,0,0,0,0,0
1580,10,0,0,0,0,0,0,0,0,0,0,0,0,0,0
1581,10,0,0,0,0,0,0,0,0,0,0,0,0,0,0
1582,10,0,0,0,0,0,0,0,0,0,0,0,0,0,0
1583,10,0,0,0,0,0,0,0,0,0,0,0,0,0,0
1584,10,0,0,0,0,0,0,0,0,0,0,0,0,0,0
1585,10,0,0,0,0,0,0,0,0,0,0,0,0,0,0
1586,10,0,0,0,0,0,0,0,0,0,0,0,0,0,1
1587,10,0,0,0,0,0,0,0,0,0,0,0,0,0,0
1588,10,0,0,0,0,0,0,0,0,0,0,0,0,0,0
1589,10,0,0,0,0,0,0,0,0,0,0,0,0,0,0
1590,10,0,0,0,0,0,0,0,0,0,0,0,0,0,1
1591,10,0,0,0,0,0,0,0,0,0,0,0,0,0,0
1592,10,0,0,0,0,0,0,0,0,0,0,0,0,1,0
1593,10,0,0,0,0,0,0,0,0,0,0,0,0,0,1
1594,10,0,0,0,0,0,0,0,0,0,0,0,0,0,0
1595,10,0,0,0,0,0,0,0,0,0,0,0,0,0,0
1596,10,0,0,0,0,0,0,0,0,0,0,0,0,0,0
1597,10,0,0,0,0,0,0,0,0,0,0,0,0,0,0
1598,10,0,0,0,0,0,0,0,0,0,0,0,0,0,0
1599,10,0,0,0,0,0,0,0,0,0,0,0,0,0,0
1600,10,0,0,0,0,0,0,0,0,0,0,0,0,0,0
1601,10,0,0,0,0,0,0,0,0,0,0,0,0,0,0
1602,10,0,0,0,0,0,0,0,0,0,0,0,0,0,0
1603,10,0,0,0,0,0,0,0,0,0,0,0,0,0,0
1604,10,0,0,0,0,0,0,0,0,0,0,0,0,0,0
1605,10,0,0,0,0,0,0,0,0,0,0,0,0,0,0
1615,42,0,0,0,0,0,0,0,0,0,0,0,0,0,0
1616,42,0,0,0,0,0,0,0,0,0,0,0,0,1,0
1617,42,0,0,0,0,0,0,0,0,0,0,0,0,0,0
1618,42,0,0,0,0,0,0,0,0,0,0,0,0,0,0
1619,42,0,0,0,0,0,0,0,0,0,0,0,0,0,0
1620,42,0,0,0,0,0,0,0,0,0,0,0,0,0,0
1621,42,0,0,0,0,0,0,0,0,0,0,0,0,0,0
1622,42,0,0,0,0,0,0,0,0,0,0,0,0,0,0
1623,42,0,0,0,0,0,0,0,0,0,0,0,0,0,0
1624,42,0,0,0,0,0,0,0,0,0,0,0,0,0,0
1625,42,0,0,0,0,0,0,0,0,0,0,0,0,0,0
1626,42,0,0,0,0,0,0,0,0,0,0,0,0,1,0
1627,42,0,0,0,0,0,0,0,0,0,0,0,0,0,0
1628,42,0,0,0,0,0,0,0,0,0,0,0,0,1,0
1629,42,0,0,0,0,0,0,0,0,0,0,0,0,0,0
1630,42,0,0,0,0,0,0,0,0,0,0,0,0,0,0
1631,42,0,0,0,0,0,0,0,0,0,0,0,0,1,0
1632,42,0,0,0,0,0,0,0,0,0,0,0,0,0,0
1633,42,0,0,0,0,0,0,0,0,0,0,0,0,0,0
1634,42,0,0,0,0,0,0,0,0,0,0,0,0,0,1
1635,42,0,0,0,0,0,0,0,0,0,0,0,0,1,0
1636,42,0,0,0,0,0,0,0,0,0,0,0,0,0,0
1637,42,0,0,0,0,0,0,0,0,0,0,0,0,1,0
1638,42,0,0,0,0,0,0,0,0,0,0,0,0,1,0
1639,42,0,0,0,0,0,0,0,0,0,0,0,0,1,0
1640,42,0,0,0,0,0,0,0,0,0,0,0,0,0,0
1641,42,0,0,0,0,0,0,0,0,0,0,0,0,0,0
1642,42,0,0,0,0,0,0,0,0,0,0,0,0,1,0
1643,42,0,0,0,0,0,0,0,0,0,0,0,0,1,0
1644,42,0,0,0,0,0,0,0,0,0,0,0,0,0,0
1645,42,0,0,0,0,0,0,0,0,0,0,0,0,0,0
1651,42,0,0,0,0,0,0,0,0,0,0,0,0,0,0
1652,42,0,0,0,0,0,0,0,0,0,0,0,0,1,0
1653,42,0,0,0,0,0,0,0,0,0,0,0,0,0,0
1654,42,0,0,0,0,0,0,0,0,0,0,0,0,0,0
1655,42,0,0,0,0,0,0,0,0,0,0,0,0,0,0
1656,42,0,0,0,0,0,0,0,0,0,0,0,0,1,0
1657,42,0,0,0,0,0,0,0,0,0,0,0,0,0,0
1658,42,0,0,0,0,0,0,0,0,0,0,0,0,1,0
1659,42,0,0,0,0,0,0,0,0,0,0,0,0,1,0
1660,42,0,0,0,0,0,0,0,0,0,0,0,0,1,0
1661,42,0,0,0,0,0,0,0,0,0,0,0,0,0,0
1662,42,0,0,0,0,0,0,0,0,0,0,0,0,1,0
1663,42,0,0,0,0,0,0,0,0,0,0,0,0,0,1
1664,42,0,0,0,0,0,0,0,0,0,0,0,0,1,0
1665,42,0,0,0,0,0,0,0,0,0,0,0,0,1,0
1666,42,0,0,0,0,0,0,0,0,0,0,0,0,1,0
1667,42,0,0,0,0,0,0,0,0,0,0,0,0,0,0
1668,42,0,0,0,0,0,0,0,0,0,0,0,0,0,0
1669,42,0,0,0,0,0,0,0,0,0,0,0,0,1,0
1670,42,0,0,0,0,0,0,0,0,0,0,0,0,0,0
1671,42,0,0,0,0,0,0,0,0,0,0,0,0,1,0
1672,42,0,0,0,0,0,0,0,0,0,0,0,0,1,0
1673,42,0,0,0,0,0,0,0,0,0,0,0,0,1,0
1674,42,0,0,0,0,0,0,0,0,0,0,0,0,0,0
